EMPIN,TOTINC,INCTAX,CIP,CFSTAT,MODE,AGEGRP,COW,SEX,NOCS,ATTSCH,MARSTH,CFSIZE,CF_RP,POWST,LFTAG,KOL,GENSTAT,CMA,HRSWRK,HHSIZE,YEAR,CITIZEN,EFSIZE,PR,BEDRM,DTYPE,CONDO,ROOM,REPAIR,PID,SIM_HH_ID
24828.402,36024.04,4579.133,13,5,2,2,1,2,8,1,1,1,3,2,1,3,4,999,2,1,2025,1,1,5,1,2,0,1,1,20b89e25,154
64091.96,90126.32,31971.293,5,5,3,3,1,1,10,1,1,1,3,4,1,1,4,933,2,1,2025,1,1,5,1,2,1,1,1,fd7cc384,181
31331.02,54650.83,12336.417,5,2,2,5,2,1,7,1,3,3,1,9,1,1,3,825,2,1,2025,1,1,4,1,3,0,1,1,06f44ee1,190
46570.926,57532.57,15928.745,2,5,2,2,1,2,7,1,3,1,3,2,1,3,4,999,2,1,2025,1,1,5,1,2,0,2,1,ea19e71a,200
31317.217,49442.824,6186.7017,13,5,3,4,1,1,7,1,3,2,3,4,1,3,4,999,99,1,2025,1,1,3,1,2,0,1,1,2ed78661,241
26568.176,43048.41,5455.7876,13,2,2,2,1,1,7,1,1,2,1,9,11,1,1,933,99,1,2025,1,1,5,1,2,1,1,1,b28d1508,246
29612.14,36505.938,6562.685,13,5,3,2,1,1,7,1,1,1,3,4,9,1,4,999,99,1,2025,1,1,4,1,2,0,1,1,60f3546b,249
79434.53,104263.766,42386.453,13,1,2,2,2,2,3,1,1,4,1,2,1,3,2,535,2,1,2025,1,4,3,2,2,0,1,1,8d539e6f,261
47782.113,62755.965,15870.359,8,5,3,5,1,2,8,1,1,1,3,1,1,1,4,999,2,1,2025,1,1,3,1,3,0,2,2,908cb693,279
49275.184,77072.96,20670.602,8,5,2,2,1,2,8,1,1,2,1,9,1,3,4,462,99,1,2025,1,1,2,1,2,0,2,1,d12bb224,292
25428.963,39779.52,6090.837,13,6,3,2,1,1,7,1,1,1,3,4,12,1,4,999,99,1,2025,1,1,3,2,2,1,2,1,bbe04fe9,400
41842.355,56119.01,9719.318,13,2,2,3,1,1,1,1,1,2,1,6,1,2,4,999,2,1,2025,1,2,2,2,2,0,2,1,a6ef0a48,410
39001.598,60402.543,13717.787,10,5,2,3,1,2,7,1,1,2,3,6,1,1,1,535,2,1,2025,2,1,3,2,2,0,1,1,881801f8,416
51199.23,63270.383,19444.174,1,5,1,2,1,1,7,1,1,1,3,4,1,1,1,999,2,1,2025,1,1,3,1,2,0,1,1,d89acea0,417
42654.242,52232.29,3261.4976,13,1,2,4,1,1,7,1,1,4,2,4,1,1,4,999,3,2,2025,1,2,2,3,1,0,4,1,5af80a20,461
38935.465,42340.99,6075.211,13,1,2,5,1,1,7,1,1,2,1,6,1,1,4,535,99,3,2025,1,3,3,3,1,0,4,1,150cb874,464
25493.947,46312.074,8541.377,13,1,2,6,1,1,7,1,2,4,1,9,11,1,4,999,99,4,2025,1,4,3,2,1,0,2,1,4913620b,465
53014.24,66243.41,14886.832,3,1,2,4,1,2,9,1,1,4,1,9,11,1,4,999,3,4,2025,1,4,5,3,1,0,4,2,37ee3a2c,467
39641.188,48598.426,10328.057,8,1,2,4,2,1,6,1,2,2,1,9,1,1,1,999,99,2,2025,3,2,3,2,3,0,4,1,f3b41532,468
40590.926,61634.7,10678.239,2,1,2,2,1,2,7,1,2,2,1,6,1,1,1,999,2,2,2025,2,2,3,2,1,0,1,1,8bfadda6,483
34403.55,55589.605,10606.142,10,1,2,4,1,2,9,1,2,2,1,6,1,2,4,999,2,2,2025,1,2,2,2,2,0,2,2,e78fc0d9,486
69971.23,83287.02,26850.332,13,1,2,3,2,2,8,1,2,2,1,2,1,1,4,933,2,2,2025,1,2,5,2,2,1,1,1,3f41e017,494
40310.47,57055.066,12484.403,13,1,2,4,1,2,10,1,2,2,2,6,1,2,4,999,2,2,2025,1,2,1,3,1,0,3,2,8a5f51c6,494
15246.71,19495.12,1839.3983,13,3,2,1,1,1,9,1,1,4,2,2,2,1,4,999,99,4,2025,1,4,3,3,1,0,4,2,b4956fe8,497
46925.81,66979.4,16287.731,9,1,2,5,1,2,8,1,1,2,1,6,1,1,3,999,2,2,2025,1,2,4,2,3,0,2,1,ea045a07,503
67988.19,99202.72,30518.463,8,1,2,5,1,2,8,1,1,2,2,9,1,1,4,933,3,2,2025,1,2,5,3,3,0,2,1,9a81ff0b,505
45015.816,65195.215,14770.867,1,1,2,3,2,1,1,1,2,6,2,9,1,3,4,999,3,4,2025,1,6,3,3,1,0,4,1,2ff90e75,515
60111.477,82565.08,26582.656,13,1,5,5,1,2,8,1,1,2,1,2,11,1,4,999,99,2,2025,1,2,2,2,2,0,2,1,95dca66e,518
48652.824,83529.32,31075.71,13,1,3,3,2,2,7,1,2,2,1,4,1,3,4,999,2,2,2025,1,2,2,3,1,0,4,1,d7d234bb,529
52562.76,73781.086,18511.053,13,1,5,6,1,1,2,1,2,2,2,9,11,1,4,999,99,2,2025,1,2,4,2,1,0,3,1,8a9e854a,530
30989.771,38562.34,4346.1685,7,1,2,2,2,2,7,1,2,4,1,4,1,1,1,462,2,4,2025,2,4,2,2,1,0,2,2,82aa6b1a,531
45971.1,52652.19,10531.071,13,1,2,4,1,1,4,1,1,3,2,2,1,3,1,462,2,3,2025,2,3,2,3,1,0,2,2,c545c191,532
40896.164,50979.25,13367.08,5,1,2,4,1,2,8,1,1,3,2,9,1,3,4,999,99,3,2025,1,3,2,3,1,0,4,1,919468a6,536
37496.68,56124.28,12842.312,13,1,2,5,1,2,8,1,1,2,2,4,1,1,4,999,3,2,2025,1,2,1,2,1,0,3,2,0e6b1d70,537
58628.52,68940.55,15231.7295,13,1,3,5,1,2,7,1,1,2,2,4,1,1,4,999,2,2,2025,1,2,4,3,2,0,4,3,e9089460,538
53776.605,58590.152,8326.519,13,1,3,3,1,2,7,1,1,3,2,4,1,1,4,825,2,3,2025,1,3,4,2,1,0,4,2,2e7fcba4,544
41446.832,51573.13,8876.529,13,3,2,6,1,2,10,1,1,3,2,4,1,1,4,999,1,3,2025,1,3,4,2,1,0,3,3,6b141b8a,545
45246.164,57696.867,12396.233,8,1,2,5,1,2,7,1,2,2,1,4,1,1,1,999,2,2,2025,2,2,3,2,3,0,2,1,84739878,546
48324.074,57464.875,9869.156,13,1,5,2,1,2,8,1,2,2,1,2,1,1,1,535,2,2,2025,2,2,3,2,2,0,1,1,fb0b9ae3,556
37983.227,47336.23,8630.9795,4,1,2,5,1,2,3,1,1,2,2,2,1,2,4,999,2,3,2025,1,2,2,2,2,0,1,1,f7235fa3,559
34592.066,45628.387,6871.2646,13,1,2,4,1,2,6,1,1,4,1,9,1,1,4,999,2,4,2025,1,4,1,2,1,0,2,1,ced5133d,561
43498.67,67822.88,21315.547,13,1,2,4,2,2,8,2,2,2,2,4,1,1,4,535,2,2,2025,1,2,3,2,1,0,3,1,2cf091b9,563
77954.66,85139.66,29973.986,8,1,4,2,2,2,3,1,1,2,1,2,1,1,4,825,2,2,2025,1,2,4,1,2,0,1,2,85d70e9d,572
40636.24,50898.74,8476.397,9,1,2,4,1,2,7,1,1,4,2,2,1,1,4,999,3,5,2025,1,5,3,2,3,0,4,1,743b92da,620
45548.06,69265.734,20145.186,8,1,2,4,2,2,7,1,2,2,1,6,1,1,1,999,3,2,2025,2,2,3,3,1,0,4,1,4c20acb8,621
23225.05,40146.137,8125.212,8,1,2,5,2,2,8,1,2,3,1,2,1,1,4,999,2,2,2025,1,2,4,2,1,0,3,3,c9050f19,623
33837.37,47212.445,10931.159,6,1,5,3,1,2,9,1,1,3,2,4,1,1,4,999,1,3,2025,1,3,4,2,1,0,2,1,8806bedd,625
16659.46,25587.68,4217.2183,11,1,2,2,1,2,8,1,1,2,2,9,1,1,4,535,2,2,2025,1,2,3,2,1,0,2,2,1c62b131,626
17680.812,28801.197,3745.4766,10,1,2,3,1,1,7,1,1,4,2,6,1,1,4,999,1,4,2025,1,4,1,3,1,0,4,2,6017bc32,626
29192.152,40163.973,676.80176,13,3,2,3,2,2,7,1,1,2,2,9,1,1,2,933,99,2,2025,1,2,4,2,1,0,3,1,7d26bee9,629
32047.729,41694.91,5299.478,13,1,2,2,1,2,10,1,1,4,2,4,1,1,4,835,2,4,2025,1,4,4,3,1,0,3,1,3006187d,631
51709.08,65713.54,22616.738,8,1,3,2,1,2,8,1,1,2,2,4,1,1,4,825,2,2,2025,1,2,4,2,2,1,2,1,c4817977,632
47520.574,52210.33,12769.417,13,1,2,5,1,2,10,1,1,2,2,6,1,1,4,999,99,2,2025,1,2,1,3,1,0,4,1,cd922cbe,632
33051.82,56094.426,11169.443,4,2,3,2,2,1,6,1,3,2,1,4,1,1,1,933,1,2,2025,2,2,5,1,2,1,1,1,f9f9dfb5,635
35942.156,54634.977,13354.995,13,1,2,4,2,2,9,1,2,6,1,2,1,2,4,999,2,5,2025,1,6,2,2,1,0,3,1,45220f41,637
42177.285,50927.895,8065.647,7,1,2,4,1,2,8,1,1,4,2,9,11,1,4,999,3,4,2025,1,4,1,3,1,0,4,1,d3732c93,637
59524.953,73980.52,19150.18,6,1,5,2,1,2,8,1,2,2,1,4,1,1,1,933,2,2,2025,2,2,5,2,2,0,2,3,501159c0,646
67457.23,79750.31,21962.455,8,1,2,4,1,2,8,1,1,5,2,2,1,1,4,999,2,5,2025,1,5,3,3,1,0,4,2,3f0227c9,673
30000.75,39707.39,5006.613,13,1,2,5,1,1,2,1,1,2,1,4,1,1,4,999,2,2,2025,1,2,5,2,1,0,1,2,7339f323,675
52826.203,68813.89,16405.057,5,1,2,4,1,1,7,1,1,4,1,4,1,1,4,999,2,4,2025,1,4,3,2,2,0,3,1,f414fdb7,676
39062.637,52874.938,14128.345,13,1,2,4,2,2,8,1,1,2,2,2,1,1,4,933,99,2,2025,1,2,5,3,3,0,3,2,5f3db2dd,677
28816.682,56635.613,10038.697,13,1,2,5,2,1,7,1,2,2,1,9,11,1,1,999,99,2,2025,2,2,3,2,1,0,3,1,175de1c3,708
103236.47,124979.95,50418.094,11,1,2,5,1,2,7,1,2,4,1,4,1,1,2,933,3,4,2025,1,4,5,3,1,0,4,2,3543eb96,720
54794.684,67240.18,16151.332,13,1,3,4,1,1,10,1,1,4,2,2,1,1,4,999,3,2,2025,1,2,3,2,1,0,4,2,224bc1f2,720
39008.83,48212.816,7619.101,13,1,3,5,1,2,7,1,2,4,2,4,1,1,4,999,2,4,2025,1,2,4,3,1,0,4,2,1f719ad9,722
53347.336,63056.285,15003.079,13,1,2,2,1,2,10,2,1,2,1,2,1,1,4,999,2,2,2025,1,2,4,3,1,0,4,3,16c65f7e,724
29570.836,35606.21,3615.7776,13,1,2,5,2,1,7,1,1,3,2,1,1,1,4,999,2,3,2025,1,3,5,2,3,0,3,1,990b960d,725
80372.92,94801.83,25983.203,9,1,2,4,1,1,8,1,2,4,1,6,1,3,2,999,2,4,2025,1,4,3,3,1,0,4,2,3dcf81bd,728
29069.006,37301.367,6076.082,13,1,3,4,1,1,10,1,2,6,2,9,1,1,4,999,1,5,2025,1,6,3,3,1,0,4,2,03862766,728
44492.8,65673.06,14036.829,8,1,2,3,1,2,7,1,2,3,1,6,1,1,1,999,2,3,2025,2,3,3,3,1,0,3,2,7bd674a1,749
34814.062,46076.977,8773.36,13,1,3,2,1,2,8,1,1,2,2,4,1,1,4,999,2,2,2025,1,2,5,3,2,0,3,1,e4e16c7b,749
33536.055,46653.55,10345.018,13,1,5,6,2,1,6,1,1,4,2,4,1,1,2,999,2,4,2025,1,4,4,2,2,0,2,3,fe713426,762
47212.754,52485.645,8202.024,13,1,2,3,1,1,7,1,1,2,1,2,1,1,4,999,3,2,2025,1,2,3,2,2,0,2,1,d39a2f2d,767
40232.492,58487.42,12428.509,13,1,2,4,1,1,1,1,1,2,2,9,1,1,4,999,2,2,2025,1,2,4,2,1,0,4,1,551d1c9a,767
52177.676,69149.49,15230.73,13,1,3,3,1,1,1,1,2,2,2,9,11,3,1,999,99,2,2025,2,2,3,3,1,0,4,1,49a9a045,794
55417.703,67573.93,13543.817,5,1,2,2,1,1,2,1,2,3,2,4,1,1,2,999,2,3,2025,1,3,5,2,1,0,3,2,b75bd113,811
37597.63,44667.355,7994.638,13,1,3,5,1,2,7,1,1,2,1,4,1,1,4,462,2,2,2025,1,2,4,2,1,0,3,1,1f696902,828
31488.191,51143.26,13708.862,13,1,2,4,2,2,8,1,1,3,2,9,1,1,4,999,2,3,2025,1,3,2,3,1,0,4,1,d304588f,831
45768.555,49390.41,8453.409,13,2,3,3,1,1,6,1,1,2,1,4,1,1,4,999,2,2,2025,1,2,5,1,2,0,1,2,8fa00e87,832
49259.035,61793.336,17642.875,3,1,2,4,1,1,5,1,1,3,2,6,1,1,4,999,2,3,2025,1,3,1,3,1,0,4,1,5f40d186,832
38256.91,53619.53,10283.037,13,1,2,3,1,1,7,1,2,2,1,4,3,1,2,999,99,2,2025,1,2,3,2,3,0,3,1,81f6be8e,835
46393.027,66062.33,17929.67,13,1,3,5,2,2,7,1,2,2,1,4,1,1,2,999,2,2,2025,1,2,3,2,1,0,3,2,477e6ef9,838
16298.642,40954.594,5973.098,13,1,2,6,2,2,8,1,1,2,1,9,1,1,4,999,3,2,2025,1,2,1,2,1,0,2,1,2105def6,848
37285.66,42106.164,6226.28,13,3,5,5,1,1,7,1,1,3,2,9,2,1,4,999,99,3,2025,1,3,3,3,1,0,4,1,8635c995,850
42050.617,51972.1,7538.0903,13,1,2,4,1,2,7,1,2,3,2,2,1,1,4,999,2,5,2025,1,5,4,3,1,0,4,1,18f04224,858
50227.26,64359.684,19906.062,13,1,2,2,1,2,7,1,2,3,2,4,1,3,4,462,2,3,2025,1,3,2,2,2,1,2,1,960c0ef9,859
53459.605,64132.01,16252.221,13,1,2,4,1,2,7,1,2,4,1,4,1,1,4,999,2,2,2025,1,2,4,2,1,0,4,1,f249ff03,867
49242.81,53041.16,9934.245,5,1,2,2,1,1,4,1,1,3,2,6,1,3,3,999,2,3,2025,1,3,4,2,2,1,3,1,65a90623,869
34892.793,41858.527,6841.9985,13,1,2,5,1,1,7,1,2,3,2,6,3,1,1,999,99,3,2025,1,3,3,3,1,0,4,1,d526a45d,870
43360.18,64079.695,14624.6455,2,1,2,4,1,1,7,1,1,3,2,6,1,1,4,933,2,3,2025,1,3,5,2,1,0,3,1,553d1e43,872
43228.96,54725.77,13897.784,13,1,2,4,1,1,7,1,2,2,1,4,1,1,2,999,2,2,2025,1,2,3,2,1,0,2,1,48b14c34,882
54685.246,62550.633,8575.737,13,1,2,4,1,2,8,1,2,2,1,2,1,1,4,999,2,2,2025,1,2,5,2,1,0,4,2,9cb1e23d,883
25820.168,40363.266,7047.1567,13,1,2,4,1,1,6,1,2,3,1,4,1,3,4,999,2,4,2025,1,4,2,2,2,0,2,1,9788c664,895
25114.512,40746.27,5785.075,13,1,5,5,2,1,2,1,1,2,2,6,1,1,4,999,2,2,2025,1,2,1,2,1,0,3,1,c8ad16d1,895
37166.67,52517.742,9224.323,4,1,3,2,1,1,2,1,2,5,1,4,2,1,4,999,99,5,2025,1,6,5,3,3,0,3,1,add0b0fb,901
61048.44,67294.234,21684.96,13,1,2,5,1,2,9,1,2,5,2,6,1,1,4,999,2,2,2025,1,3,3,2,1,0,4,1,c896f643,907
21355.8,26981.47,1123.6322,13,3,2,2,1,1,7,1,1,2,2,9,11,1,4,535,99,2,2025,1,2,3,2,1,0,3,2,39b21cdd,915
18034.367,32002.197,4121.031,13,1,5,2,1,1,7,1,2,3,2,4,11,1,1,999,99,3,2025,2,3,1,3,1,0,3,1,57e73854,917
64259.637,74184.02,19390.195,2,1,2,4,2,1,2,2,1,4,2,2,1,1,4,933,2,4,2025,1,4,5,2,2,1,2,1,7a40bc6b,918
25330.377,32488.25,4675.1353,13,1,2,2,1,2,10,1,1,2,1,9,1,1,4,999,3,2,2025,1,2,3,1,1,0,2,2,bcc1bc86,919
47763.68,57219.79,14134.215,13,1,2,4,1,1,7,1,1,4,2,4,1,3,3,999,2,4,2025,1,6,5,3,1,0,4,1,d9d5436a,920
36186.26,38871.49,5500.9595,13,1,2,4,1,2,8,1,2,2,1,9,1,1,4,999,2,2,2025,1,2,1,2,1,0,3,1,673c9d0c,948
50012.543,62658.453,15499.127,5,1,2,4,1,1,8,1,2,2,2,6,1,1,2,835,2,2,2025,1,2,4,3,1,0,4,1,d0935bf7,955
26862.041,44954.82,4404.097,13,2,2,4,1,1,10,1,2,2,1,2,1,1,4,999,2,2,2025,1,2,2,2,1,0,2,1,05af7d58,972
27056.596,44292.37,11274.619,4,1,2,6,1,1,7,1,1,2,1,4,1,1,4,535,2,2,2025,1,2,3,2,1,0,3,1,5967626d,975
44327.223,51431.203,13838.505,13,1,2,5,1,2,8,1,1,3,1,4,11,1,3,999,99,3,2025,1,3,4,2,1,0,3,2,48f08760,983
59796.008,73508.17,21044.041,5,1,2,4,1,2,7,1,2,2,1,6,1,1,4,999,2,2,2025,1,2,3,3,1,0,3,2,5bad7e7f,984
44621.047,61233.71,12497.878,11,1,3,4,1,1,7,1,2,3,1,4,1,1,4,999,2,3,2025,1,3,2,2,3,0,3,2,c38ddf54,986
55709.04,67539.43,12593.298,13,1,2,4,1,1,5,1,1,4,2,4,1,1,4,462,2,4,2025,1,4,2,2,2,0,2,1,0a128622,986
71320.79,77021.28,21814.705,13,1,2,5,2,2,6,1,2,3,2,4,1,1,1,999,2,3,2025,1,3,3,3,1,0,4,2,5d1e3a8a,991
40325.09,53019.65,8912.316,13,6,2,4,1,1,8,1,1,4,1,9,1,1,4,933,2,4,2025,1,4,5,2,3,0,2,2,9020069f,994
59769.66,81988.26,27342.752,13,1,2,5,1,2,1,1,2,3,1,2,1,1,3,535,2,3,2025,1,3,3,3,1,0,4,1,12429075,996
37663.805,46727.133,6292.2607,5,1,2,3,1,1,2,1,1,3,2,1,1,1,4,999,2,3,2025,1,3,1,2,1,0,3,1,f7d22dd5,999
36678.566,59530.27,7182.773,10,2,2,6,1,1,7,1,1,2,1,4,11,1,4,999,99,2,2025,1,2,1,3,1,0,3,1,22320c2f,1013
40262.195,51159.438,9399.802,11,3,2,2,1,2,8,1,1,3,2,4,1,1,4,999,2,2,2025,1,2,1,3,1,0,4,1,edb43c5f,1016
40603.273,60568.52,15260.428,13,1,5,5,1,1,2,1,2,2,2,4,1,1,4,999,1,2,2025,1,2,3,2,2,1,2,1,e98beb2c,1017
28768.324,38545.08,3625.425,13,1,2,5,1,1,9,1,1,4,2,4,1,1,4,999,2,2,2025,1,2,2,2,1,0,2,1,b3de6738,1020
26629.273,31091.525,3731.3762,13,1,3,5,1,1,7,1,1,3,2,4,1,3,4,462,2,3,2025,1,3,2,2,2,0,2,1,c4a467c5,1038
46624.773,58442.03,12682.423,13,1,3,5,1,2,8,1,1,2,2,4,11,1,4,999,99,3,2025,1,2,3,2,3,1,2,1,0979babe,1058
31977.824,47338.668,10615.874,13,1,4,3,2,2,7,2,1,2,1,2,1,1,1,999,3,2,2025,1,2,3,1,2,0,1,2,66741066,1060
34344.15,37900.23,5065.126,13,1,2,4,2,2,10,1,2,2,2,2,1,1,4,999,2,2,2025,1,2,4,2,1,0,2,1,0adc7c75,1086
53265.77,64724.832,11281.123,5,1,2,3,1,1,7,1,1,3,1,6,1,1,1,999,2,3,2025,2,3,3,2,2,0,2,1,9799797b,1111
24169.852,48971.863,7975.397,5,1,2,2,2,2,2,1,1,2,2,1,1,1,4,535,2,2,2025,1,2,3,3,1,0,4,1,38284042,1114
49555.996,77110.72,22703.65,13,1,2,5,1,2,1,1,2,2,1,9,1,1,4,999,2,2,2025,1,2,2,2,1,0,3,2,15bb5a8e,1115
30193.969,40374.22,7004.9624,13,1,2,2,1,2,10,1,1,2,2,2,1,1,1,535,2,3,2025,1,2,3,2,2,1,2,1,aaae1e4a,1165
23397.1,47493.344,8312.105,5,1,2,5,1,1,7,1,2,2,2,9,1,1,2,999,99,2,2025,1,2,4,2,1,0,3,1,94bccbc5,1168
46284.42,56479.16,5937.0977,13,6,5,2,1,2,8,1,1,2,2,6,11,3,4,462,99,2,2025,1,2,2,2,2,1,2,3,7a48826d,1176
24213.908,33009.426,5007.0723,13,1,2,5,1,2,8,1,1,3,2,2,1,1,4,999,2,3,2025,1,3,4,3,1,0,4,1,f6d5b0cf,1186
55823.656,74327.26,27209.287,5,1,2,4,1,1,6,1,1,4,2,6,1,3,4,462,2,4,2025,1,4,2,2,1,0,4,1,de05a2d4,1189
28146.127,52873.598,14841.927,13,1,2,5,2,2,7,1,2,2,1,2,1,1,1,999,2,2,2025,2,2,3,2,1,0,3,1,7fa52095,1190
41726.047,84552.07,27569.723,11,1,2,5,2,2,9,1,2,2,2,9,11,1,4,999,99,2,2025,1,2,3,2,1,0,4,1,abf3e6c0,1192
63392.934,69873.766,12492.536,13,1,2,4,1,1,1,1,1,2,2,4,1,1,2,825,2,2,2025,1,2,4,2,2,1,2,1,316d3a1f,1193
32211.34,45744.508,8557.728,13,1,2,4,1,1,2,1,1,2,2,9,1,3,4,933,99,2,2025,1,2,5,2,1,0,3,1,8786d527,1193
55951.23,73065.05,19726.87,13,1,3,5,1,1,1,1,2,3,2,4,1,1,4,933,2,3,2025,1,3,5,2,1,0,3,1,5aefb456,1195
32900.37,49724.906,6653.727,10,1,2,4,1,1,99,1,1,4,1,9,11,1,4,999,99,4,2025,1,4,3,2,1,0,3,2,f12fda85,1208
19488.94,23896.672,1809.0339,13,3,2,1,1,1,99,1,1,3,2,9,1,1,4,535,2,2,2025,1,2,3,2,1,0,3,1,e6574896,1208
22139.768,43203.082,6675.942,13,1,2,2,2,1,7,1,1,2,2,4,1,1,4,999,2,2,2025,1,2,3,3,1,0,4,1,9d84055f,1229
68131.34,81436.33,20609.305,5,1,2,4,1,2,8,1,1,2,2,2,1,1,4,999,2,2,2025,1,2,5,2,1,0,4,2,d830584b,1240
44850.293,53348.965,6276.1177,13,1,2,3,1,2,7,2,2,2,2,6,1,1,4,999,3,2,2025,1,2,3,3,1,0,3,1,ae7f4659,1243
40516.37,51348.043,11896.918,13,1,4,3,1,2,7,1,2,2,2,2,1,1,1,535,2,2,2025,3,2,3,3,1,0,4,1,ddcd277b,1248
58256.777,70075.68,13312.675,10,1,4,4,1,1,10,1,2,2,1,4,1,1,4,999,2,2,2025,1,2,5,2,3,0,2,1,568233cc,1258
37091.586,61476.273,18723.996,13,1,2,5,1,2,8,1,2,2,1,4,1,1,4,999,3,2,2025,1,2,4,2,1,0,3,1,cc2d72fb,1259
17610.861,35676.184,5319.039,13,1,2,5,1,1,2,1,2,4,2,1,1,1,4,999,2,4,2025,1,4,3,2,1,0,4,1,400cf43e,1261
46783.836,61294.477,16008.662,13,1,3,3,1,1,2,1,2,4,2,4,1,1,4,999,2,4,2025,1,4,5,3,1,0,4,1,8c02c259,1274
34267.938,57191.24,11470.105,10,1,2,2,2,1,7,1,2,3,1,6,1,3,3,999,2,3,2025,1,3,3,3,3,0,4,2,a34127db,1278
51258.58,65512.742,20665.033,4,1,3,3,1,2,1,1,1,4,2,4,1,1,4,933,99,4,2025,1,4,5,2,2,0,2,2,1096a43e,1300
28024.422,39795.66,6778.048,13,1,2,4,2,1,7,1,2,2,2,2,1,1,4,999,2,2,2025,1,2,4,3,1,0,4,1,965b550d,1350
48026.133,55842.047,10076.833,13,1,3,3,1,2,2,2,1,2,2,1,1,1,4,999,2,5,2025,1,2,4,2,3,1,3,2,287b1995,1350
32793.094,41528.07,6269.061,13,1,3,4,1,2,8,1,1,2,2,4,2,2,4,999,99,2,2025,1,2,2,3,1,0,3,1,21e375b3,1357
39497.023,56972.395,10105.866,13,1,5,6,1,1,2,1,2,2,1,4,1,1,4,999,2,2,2025,1,2,5,2,1,0,2,2,75e6eef2,1379
59636.59,73756.34,21445.697,13,1,2,5,1,2,8,1,2,4,2,4,1,1,4,999,2,4,2025,1,4,5,2,3,0,3,1,bbd7e8e5,1383
42578.83,60871.914,18345.406,13,1,2,3,2,2,99,1,2,2,2,4,1,1,4,835,2,2,2025,1,2,4,2,1,0,3,2,6e92f53f,1403
47115.824,55102.26,10600.061,13,1,2,4,1,2,10,1,2,2,2,4,1,1,4,999,2,2,2025,1,2,4,2,1,0,2,1,a6742493,1406
25467.414,36387.836,6008.5938,4,3,4,4,1,1,7,1,1,3,2,9,1,1,1,933,2,3,2025,2,3,5,2,2,0,1,1,6819af3e,1408
30685.68,40810.008,6052.128,13,1,2,3,1,1,2,1,1,4,2,4,1,1,4,825,2,4,2025,1,4,3,3,1,0,4,2,92f17df4,1417
34862.598,45365.4,4418.4595,7,1,2,3,1,2,7,1,1,4,2,2,1,1,1,999,2,5,2025,1,5,5,3,1,0,3,1,122ee45d,1419
36829.074,53252.67,7048.7666,13,2,3,2,2,1,7,1,3,2,1,4,1,3,4,999,2,2,2025,1,2,2,1,1,0,4,1,e20c172e,1420
45206.418,64300.258,14551.57,13,1,5,3,1,2,8,1,1,3,1,4,1,1,4,999,2,2,2025,1,4,1,3,1,0,4,2,8faf77d0,1428
33057.652,42668.35,7578.107,13,3,2,2,1,2,10,2,1,4,2,2,1,1,4,999,2,4,2025,1,2,3,3,1,0,4,2,8f8d046a,1437
57486.145,79887.92,16034.218,11,1,2,3,2,2,7,1,2,4,2,4,1,1,1,933,2,4,2025,2,4,5,2,3,0,2,1,5af90a4b,1439
54254.67,70400.914,16428.594,13,1,2,4,1,1,3,1,2,5,2,4,2,1,4,999,99,2,2025,1,2,3,3,1,0,4,1,9a688acf,1444
42983.582,49242.38,7289.5776,13,1,2,4,1,1,6,1,1,4,2,2,1,1,2,999,2,4,2025,1,4,3,3,1,0,3,2,a35a1710,1445
20671.236,26480.906,2985.1255,13,1,2,2,1,2,8,1,1,3,2,6,1,1,4,999,2,4,2025,1,4,1,3,1,0,3,1,78b27829,1466
27521.127,38826.25,5125.4067,13,1,2,2,1,1,7,1,1,2,1,4,11,1,4,999,99,2,2025,1,2,4,2,1,0,2,3,d88eca0b,1481
30685.25,47960.65,6630.522,13,2,2,4,2,2,2,1,1,2,1,6,1,1,1,462,2,2,2025,1,2,2,2,3,0,2,2,dfa3a694,1484
67575.75,76604.12,14475.577,11,1,2,4,1,2,7,1,2,4,1,9,1,1,4,535,3,4,2025,1,4,3,2,3,0,3,2,c97fefc3,1487
70676.55,85681.77,21368.537,4,1,5,3,1,1,1,1,2,4,2,4,1,3,4,999,3,4,2025,1,4,1,2,3,0,4,1,57cc7fbf,1487
64571.984,84396.29,25828.846,13,1,2,4,1,2,10,1,1,2,2,2,1,1,4,535,3,2,2025,1,2,3,2,1,0,4,1,f1fa5b55,1487
48359.59,60311.14,12914.412,13,1,5,2,1,1,7,1,2,3,2,4,1,1,4,462,3,5,2025,1,5,5,2,2,0,2,2,682d4d29,1488
24317.307,37588.53,5884.2827,13,1,2,5,1,1,5,1,1,2,1,9,2,1,4,999,99,2,2025,1,2,5,2,1,0,3,3,68e8ffdb,1491
43537.258,51080.695,14884.045,11,1,3,2,1,2,7,1,2,5,2,1,1,3,4,535,2,5,2025,1,5,3,3,1,0,4,1,61c600b1,1492
43202.02,52880.535,9670.527,13,1,2,1,1,2,9,1,1,3,2,2,11,1,4,999,99,3,2025,1,3,4,3,1,0,4,1,ce3f8220,1502
92533.06,106404.87,42079.664,8,1,2,5,1,2,10,1,2,4,1,4,1,1,4,933,2,5,2025,1,4,5,2,1,0,2,1,6fdd9cb7,1504
57292.254,71809.57,29543.396,5,1,4,3,1,2,8,1,1,4,2,1,1,3,4,462,2,5,2025,1,4,2,3,3,1,3,2,034a2259,1504
38410.027,61409.82,16888.62,10,1,2,5,2,2,8,1,2,2,1,6,1,2,4,999,2,2,2025,1,2,2,2,1,0,3,1,c1fc86d6,1506
31942.047,51668.434,9503.6,13,1,2,5,2,1,7,1,2,3,2,2,1,1,4,999,2,3,2025,1,3,4,2,1,0,2,3,48ea1887,1511
49663.113,86766.06,18391.559,8,1,2,2,2,2,1,1,3,2,1,4,2,3,4,462,99,2,2025,1,2,2,2,3,1,3,2,f3b32890,1521
35444.23,49631.777,10963.356,8,1,2,2,2,2,8,1,1,2,1,2,1,1,1,999,2,2,2025,2,2,3,2,2,1,3,2,b16e4f72,1522
50608.76,61074.258,12453.726,13,1,3,3,1,1,9,1,1,4,2,1,1,1,4,999,2,4,2025,1,4,4,3,1,0,4,1,9b2b7fba,1523
33104.586,48104.867,12337.345,13,1,2,4,1,1,10,1,2,2,2,9,12,1,1,999,99,2,2025,2,2,2,2,2,0,2,2,25f4fcc1,1524
27120.154,41243.797,7663.1143,13,1,2,4,2,2,7,1,2,2,2,2,1,1,4,999,2,2,2025,1,2,4,2,1,0,2,1,7462c98f,1524
31197.463,45348.0,10979.457,13,1,2,3,1,2,99,1,1,3,2,4,13,3,4,999,99,3,2025,1,3,2,2,1,0,2,1,f6330b8a,1531
44890.797,59782.43,10255.791,13,1,3,5,1,1,9,1,2,2,2,4,1,1,4,999,2,2,2025,1,2,3,3,1,0,4,2,363732b8,1540
41413.215,49839.94,7781.1694,13,1,5,1,1,2,7,1,1,3,2,5,1,1,4,999,3,3,2025,1,3,4,3,1,0,4,1,c05daf60,1541
40548.867,46033.08,7443.8296,8,1,2,3,1,2,8,1,1,3,1,2,9,3,4,999,99,2,2025,1,2,1,2,1,0,4,1,e51cb655,1543
54314.66,61832.03,15315.005,13,1,2,4,1,2,10,1,1,2,2,4,1,3,4,999,2,2,2025,1,2,3,2,1,0,4,1,22b4e53f,1543
27290.396,37385.9,8761.798,13,1,2,4,2,1,7,1,1,2,2,9,1,1,1,999,2,2,2025,1,5,5,2,2,0,2,2,5f15b2d9,1544
27544.83,40929.582,8191.8022,13,1,2,4,1,1,10,1,1,2,2,4,13,1,4,999,99,2,2025,1,2,5,2,1,0,2,1,a0c31dd6,1545
41388.5,55659.703,17012.52,13,1,4,6,1,2,10,1,1,2,2,4,1,1,1,462,1,2,2025,3,2,4,2,2,0,1,1,9de84a7d,1555
57356.645,69935.375,28291.406,13,1,2,2,1,2,7,1,2,3,2,2,1,1,4,999,3,3,2025,1,3,4,2,1,0,4,1,5c8a874b,1556
39643.023,54987.31,11330.906,6,1,2,3,1,1,7,1,1,3,1,9,1,1,4,999,99,2,2025,1,2,3,2,2,0,1,3,084f943e,1572
31943.443,51207.363,10640.55,13,1,2,2,1,2,7,1,1,2,2,2,1,3,4,999,2,2,2025,1,2,2,2,3,0,3,2,ccd91aa4,1586
34547.76,60465.594,12411.267,4,1,2,6,2,2,5,1,1,2,1,6,1,1,4,999,2,2,2025,1,2,3,3,1,0,4,1,4d265ddd,1589
57185.8,77725.54,22513.312,5,1,2,4,2,2,4,1,2,3,1,6,1,3,1,999,2,5,2025,2,6,2,3,2,0,3,2,9650c97e,1604
56948.816,64838.2,11411.43,13,1,2,4,1,1,7,1,2,2,2,6,1,1,4,999,2,2,2025,1,2,4,2,1,0,4,1,2b0a3abe,1616
55517.105,73324.31,23095.783,13,1,5,2,1,1,8,1,2,2,1,6,1,1,4,999,3,2,2025,1,2,5,2,2,1,3,1,4609688d,1617
47310.85,58924.145,14768.588,13,1,2,2,2,1,7,1,2,4,2,6,1,1,4,999,2,4,2025,1,4,3,3,1,0,4,2,bbf256eb,1673
38236.38,43531.293,1338.8057,13,1,2,1,1,2,7,1,1,3,1,4,1,2,4,999,2,3,2025,1,3,2,3,1,0,3,3,c23482e4,1692
42971.902,55561.445,10366.834,13,1,2,3,1,1,7,1,1,4,2,6,11,3,3,462,99,4,2025,1,4,2,3,1,0,4,2,2113fb3d,1695
36848.57,64809.992,16629.512,13,1,2,5,2,2,8,1,2,2,1,4,1,1,4,999,2,2,2025,1,2,2,2,2,0,2,1,8aa30f86,1701
67603.305,84024.51,24204.846,13,1,3,4,1,2,7,1,2,4,2,4,1,1,4,933,2,5,2025,1,5,5,3,1,0,4,1,4eefd00f,1705
41961.746,55302.97,11560.873,13,1,2,3,1,2,8,1,2,2,1,4,1,1,4,999,2,2,2025,1,2,4,2,2,0,2,2,0f08d306,1708
41907.36,53434.992,9262.519,13,1,2,4,1,2,4,1,2,3,2,6,1,1,4,999,2,3,2025,1,3,3,3,1,0,4,1,0778cda7,1718
74192.984,89547.44,27240.766,13,1,4,3,1,1,4,1,1,2,2,9,1,1,1,535,2,2,2025,2,2,3,3,2,0,4,2,c0a55326,1721
41883.65,52492.95,13173.343,3,1,2,5,1,2,7,1,1,2,1,6,1,3,4,999,2,2,2025,1,2,5,1,2,0,2,2,b48902fd,1726
62235.426,79762.59,23059.365,13,1,2,4,1,2,1,1,2,4,2,2,1,1,3,999,2,4,2025,1,4,5,3,1,0,4,2,ef72f59f,1728
39099.26,50141.402,8575.648,4,3,2,3,1,1,7,1,1,3,2,1,1,3,3,462,2,4,2025,1,4,4,2,2,0,2,1,7cd3c191,1730
33820.27,42453.574,7266.4478,13,1,3,4,2,1,4,1,2,6,1,4,1,1,4,999,3,5,2025,1,6,3,2,2,1,2,3,d3576e2f,1732
36261.746,55086.04,10730.625,11,1,2,5,1,2,7,1,2,2,2,6,1,1,1,999,2,2,2025,2,2,4,2,1,0,2,2,391d360b,1746
50699.395,58613.4,9925.625,13,1,3,2,1,1,8,1,1,2,1,4,1,2,4,999,2,3,2025,1,3,2,2,1,0,3,1,81e17040,1767
47182.113,77644.234,26500.838,10,1,2,6,2,1,99,1,2,3,2,6,1,1,4,999,2,3,2025,1,3,3,2,1,0,3,1,efc744d7,1773
46091.46,66780.484,19830.771,2,1,2,4,2,2,7,1,2,2,2,4,1,1,4,999,2,2,2025,1,2,4,3,1,0,4,1,065c64bc,1776
36729.992,57229.24,11964.106,13,1,5,6,1,1,7,1,2,3,2,4,1,1,4,999,3,3,2025,1,3,1,2,1,0,3,1,2f7b04bf,1777
22794.633,32830.44,3840.004,13,4,2,6,3,2,8,1,1,2,2,6,1,1,4,999,1,3,2025,1,3,4,3,1,0,3,3,0e6f7501,1779
73239.65,93581.19,25230.3,8,1,2,2,1,2,10,1,2,3,1,5,1,1,4,999,2,3,2025,1,3,5,3,1,0,4,1,fc653576,1783
62917.316,83204.305,20399.9,13,1,4,2,1,2,2,1,2,2,2,4,1,1,4,999,2,2,2025,1,2,3,2,3,0,1,1,cf32b236,1794
65622.9,85218.71,24422.709,5,1,2,2,1,1,10,1,2,2,1,4,1,1,2,999,2,2,2025,1,2,3,2,1,0,4,1,3014a7e4,1796
42296.227,53769.395,9425.8545,13,1,4,4,1,2,8,1,2,2,2,4,1,1,4,999,2,2,2025,1,2,4,2,1,0,4,1,e8f0649f,1804
25797.564,42546.918,9604.8,2,1,2,2,2,2,8,1,1,2,1,1,1,1,4,835,2,3,2025,1,3,4,2,2,1,2,1,2c44ecb4,1806
60412.67,70669.24,23030.283,2,1,2,2,1,2,10,1,1,2,1,6,1,1,4,999,2,2,2025,1,2,1,1,1,0,1,1,f23b5870,1807
63098.215,69265.086,16481.998,13,1,2,4,1,2,10,1,1,2,2,6,1,1,4,999,3,2,2025,1,2,4,2,1,0,2,1,1663517b,1807
63639.758,93749.1,24109.264,9,1,5,3,2,2,8,1,2,2,1,4,1,1,4,999,2,2,2025,1,2,5,3,1,0,3,2,90cd9104,1811
47169.383,52603.19,12127.849,13,1,5,5,1,2,10,1,1,2,1,2,1,3,4,999,2,4,2025,1,4,5,2,2,0,2,2,a5e4e2dd,1812
47090.0,64439.17,17777.826,8,1,2,5,1,2,8,1,1,2,1,6,1,2,4,999,2,2,2025,1,2,2,2,2,0,3,2,47791d78,1829
42287.207,51961.61,9617.861,13,1,2,2,1,2,8,1,1,5,2,2,1,1,1,999,2,5,2025,1,5,2,3,1,0,4,1,b6ec43fa,1829
43390.484,56390.418,10072.128,13,1,2,5,1,2,8,1,2,2,2,9,11,1,4,835,99,2,2025,1,2,4,3,1,0,4,1,15f0675e,1836
23814.73,37172.24,5273.077,13,1,2,3,2,1,8,1,1,4,1,6,1,1,4,999,1,4,2025,1,4,3,3,1,0,4,2,2252ff05,1837
52048.695,64287.12,18682.336,13,1,2,2,1,2,7,1,1,2,1,4,1,3,2,999,2,2,2025,1,2,2,2,2,1,3,3,4e8e1287,1839
34362.95,46027.03,6514.6396,4,1,2,4,1,2,10,1,2,2,2,4,1,3,1,999,3,2,2025,2,2,2,2,1,0,3,1,6a68cf0f,1850
30357.04,37347.805,7364.1177,13,1,5,6,1,2,10,1,1,2,2,4,1,1,1,999,2,2,2025,2,2,3,2,3,0,1,1,43f06e6b,1850
61659.168,85967.75,30517.03,3,1,3,3,1,2,7,1,2,2,1,4,1,3,1,462,1,2,2025,2,2,2,2,3,0,3,1,5ca2066a,1851
45011.715,61188.234,16788.14,13,1,3,4,1,1,1,1,1,4,2,1,1,3,4,999,2,2,2025,1,2,2,2,1,0,3,2,9aa7f517,1861
17057.908,16499.291,266.5561,13,3,2,1,1,1,99,9,1,4,2,9,99,1,4,999,99,4,2025,1,4,5,3,1,0,4,2,b1e45823,1862
31108.473,52709.594,10373.92,13,1,3,3,1,2,7,1,1,2,1,9,1,1,4,999,2,2,2025,1,2,2,2,2,0,2,1,52969314,1864
30704.123,42922.97,7549.7847,8,1,4,2,1,2,7,1,1,2,1,9,1,1,1,462,2,2,2025,3,2,2,2,2,0,2,1,34ef53d2,1865
68668.75,89134.68,31184.217,13,1,2,4,1,1,6,1,2,4,2,9,1,1,1,535,99,4,2025,2,4,3,3,1,0,4,2,28563503,1869
40336.844,63334.285,15925.389,3,1,2,3,2,2,9,1,1,2,1,2,1,3,4,462,2,2,2025,1,2,2,2,1,0,3,1,0b124f2b,1873
32376.498,45051.56,8339.2705,13,1,2,4,1,1,2,1,2,2,2,4,1,1,4,999,2,2,2025,1,2,3,3,1,0,3,2,d6230f2f,1876
53832.83,68453.69,15361.883,13,1,2,3,2,2,8,1,1,2,2,4,11,1,2,999,3,2,2025,1,2,4,2,1,0,3,2,c3f90d97,1877
53970.066,63050.285,13342.176,5,1,2,4,1,1,3,1,1,2,1,4,1,3,4,999,2,2,2025,1,2,2,1,2,0,1,2,cf9064f1,1893
25217.328,27117.465,2305.965,13,3,3,1,1,2,9,1,1,3,2,2,1,4,2,999,1,4,2025,1,4,5,2,1,0,4,1,c6e6ffff,1902
47606.656,58096.855,11471.185,5,1,2,4,1,1,10,1,1,2,2,4,11,3,4,462,99,3,2025,1,3,2,3,1,0,4,1,ad72f38a,1904
50973.914,55580.19,11016.954,13,1,2,4,1,1,7,1,1,2,2,6,1,1,4,999,2,2,2025,1,2,3,2,1,0,4,1,74b1c701,1904
40261.58,57959.11,14702.082,13,1,4,3,3,2,7,1,1,2,2,4,1,1,3,999,2,2,2025,1,2,4,2,3,0,2,3,02d3a668,1908
51584.0,81551.12,26745.291,8,1,2,6,2,2,99,1,2,2,1,6,1,1,1,999,3,2,2025,1,2,5,3,1,0,4,1,15cfd035,1914
33016.23,36991.566,3948.3684,13,1,2,2,1,1,7,1,1,2,2,4,2,1,4,999,99,2,2025,1,2,4,2,1,0,3,1,d48acbf8,1924
30729.666,52781.047,13177.467,13,1,2,4,2,2,8,1,2,3,1,4,1,1,4,999,2,2,2025,1,3,4,2,1,0,4,2,57fe8b1e,1926
61069.773,69729.31,14487.504,11,1,2,3,1,2,3,1,2,4,2,6,1,1,4,999,2,4,2025,1,6,3,2,1,0,3,2,520c0a0d,1930
29225.273,43432.676,5677.298,13,1,2,4,2,1,9,1,2,3,2,4,1,1,4,999,2,3,2025,1,4,4,3,1,0,4,1,2d8da6d4,1931
62444.383,83087.36,20606.53,13,1,2,2,1,2,8,1,2,2,1,4,1,3,4,462,2,2,2025,1,2,2,2,1,0,4,1,fa48e34f,1932
42590.87,53126.89,9018.848,4,3,2,4,1,2,8,1,1,3,2,2,11,3,4,462,99,3,2025,1,3,2,2,2,0,2,1,e483ae71,1948
68959.96,94864.6,31960.625,4,1,2,4,1,2,10,1,2,2,1,6,1,1,4,999,3,2,2025,1,2,3,2,2,1,2,1,da21d469,1950
54625.75,86569.984,18652.232,4,2,3,6,2,1,1,1,3,2,1,4,1,1,1,999,2,2,2025,2,2,3,2,2,1,1,1,54cd8bc4,1963
55543.555,69459.836,16560.316,13,1,2,5,1,1,7,1,2,2,1,4,1,1,2,825,2,2,2025,1,2,4,2,1,0,2,1,885c464f,1964
16623.115,20125.47,795.67285,13,3,3,1,1,2,7,9,1,5,2,9,1,1,4,999,99,2,2025,1,2,5,3,1,0,4,2,b49e422a,1970
71298.65,85942.36,27552.877,4,1,2,2,2,2,8,1,2,3,2,6,1,1,2,535,2,3,2025,1,3,3,2,1,0,3,1,b4a290af,1972
25853.676,57231.63,6940.0977,2,1,3,4,2,1,2,1,1,2,1,1,1,1,4,999,2,2,2025,1,2,4,2,2,0,2,1,f55c55f6,1973
53914.766,56116.402,9076.501,5,1,2,2,1,2,7,1,2,2,2,6,1,1,1,535,2,2,2025,2,2,3,2,2,1,2,2,f71ce31f,1973
30262.28,45167.26,5326.4478,10,1,3,4,1,1,7,1,2,3,1,4,1,1,2,999,2,3,2025,1,3,4,2,1,0,4,2,56a985ac,1988
24135.07,33863.992,3447.2249,13,1,2,2,1,1,7,1,1,2,1,9,1,1,1,999,2,2,2025,1,2,5,1,2,1,2,2,7de4b455,1989
52958.13,79953.695,15700.434,4,1,3,4,1,1,8,1,2,3,2,1,1,1,4,999,2,3,2025,1,3,4,2,1,0,4,1,10bbeeba,1990
40939.445,52176.133,9799.958,13,1,2,2,1,2,7,1,1,2,2,2,1,2,4,999,2,2,2025,1,2,2,2,1,0,3,1,a31ec57d,2008
21188.025,46286.414,9155.758,8,1,2,5,1,2,8,1,2,4,1,9,9,1,4,999,99,2,2025,1,2,4,2,1,0,4,2,dd2c1386,2011
54182.52,73707.07,16328.654,13,1,1,3,2,2,7,1,1,2,1,4,1,1,4,999,3,2,2025,1,2,5,2,1,0,3,1,f4523db9,2015
69544.14,81482.914,33858.188,13,1,5,5,1,2,8,1,2,4,2,6,1,1,4,999,3,5,2025,1,5,3,3,1,0,4,1,95e9f985,2016
26440.146,37828.82,8067.3696,13,1,2,2,1,2,8,1,1,3,2,9,9,3,4,999,99,2,2025,1,2,2,2,2,0,2,2,b7611131,2016
37000.04,52625.816,9505.566,13,1,3,2,1,2,7,1,2,2,2,4,1,1,1,933,3,2,2025,2,2,5,2,2,0,2,2,ab6f0142,2017
59861.95,71164.93,14194.658,13,1,2,4,1,2,7,1,1,2,1,2,1,1,4,999,2,2,2025,1,2,3,2,1,0,3,1,b5de5170,2021
41569.043,46700.992,11839.494,13,1,2,5,1,1,4,1,1,2,1,4,1,3,4,999,2,4,2025,1,4,2,3,1,0,4,2,0e787c0b,2034
28173.719,36638.13,5380.9365,13,1,5,3,1,1,10,1,1,2,1,4,1,1,1,933,3,2,2025,1,2,5,2,3,1,2,2,2c74190b,2038
54639.254,67143.74,21667.535,1,1,2,4,1,1,3,2,1,4,1,3,1,3,4,999,2,4,2025,1,2,2,3,1,0,4,1,68f0b17f,2040
61730.19,70341.44,18909.541,13,1,4,3,1,1,10,1,2,2,2,4,1,3,2,462,1,2,2025,1,2,2,2,2,0,2,1,7eca9873,2041
51167.527,66109.21,12334.758,13,1,2,2,1,1,4,1,1,2,1,4,11,1,1,999,3,2,2025,2,2,5,2,1,0,2,2,ab715313,2049
48174.32,59391.38,13633.908,13,1,2,5,1,1,3,1,2,3,1,4,1,1,1,933,2,3,2025,2,6,5,2,2,1,2,1,6955da11,2050
52690.156,71356.03,18500.82,5,1,5,5,1,1,7,1,2,3,2,4,2,1,1,999,99,3,2025,1,3,4,2,2,1,2,2,f4f1677a,2051
24256.396,43242.42,7292.2256,13,1,2,5,2,2,7,1,2,2,2,6,1,1,1,999,2,2,2025,1,2,4,2,1,0,3,1,328ee532,2052
66445.195,78487.57,22743.904,13,1,3,3,1,2,7,1,1,4,2,2,1,1,4,835,2,4,2025,1,4,4,3,1,0,4,2,ee1f5cb4,2055
40130.168,42932.605,8341.78,13,1,3,4,1,2,7,1,2,5,2,4,1,3,4,999,2,5,2025,1,5,2,2,2,0,2,2,af99edd9,2056
28170.662,42630.473,8280.174,2,1,2,3,1,1,6,1,2,4,2,4,1,1,1,535,2,2,2025,2,2,5,2,1,0,2,3,8251efe1,2077
25250.068,32743.824,4017.4353,13,1,4,5,1,1,10,1,1,2,1,4,1,1,4,999,1,2,2025,1,2,3,1,2,0,1,2,b4927175,2079
31115.098,44244.094,4300.578,4,1,2,2,2,1,7,1,1,2,2,9,1,1,1,535,2,2,2025,2,2,3,2,3,1,2,1,6f147ad1,2081
31677.654,43646.945,7877.294,13,1,3,3,1,1,7,1,1,3,1,1,1,1,4,933,2,3,2025,1,3,5,2,1,0,3,1,75e3736d,2099
21324.656,29933.225,3442.9373,13,1,2,1,1,1,7,1,1,2,1,6,1,3,4,462,2,2,2025,1,2,2,2,1,0,4,1,6dc5e7c1,2119
40241.516,54792.016,10258.561,11,1,5,3,1,2,8,1,2,2,1,9,11,1,4,835,99,5,2025,1,5,4,3,1,0,4,1,5f2a5247,2131
51138.004,60973.535,11335.422,13,4,2,5,1,1,10,1,1,2,2,4,1,3,4,999,2,2,2025,1,2,2,3,1,0,4,1,f01e1828,2151
31208.936,51500.4,11751.991,13,1,3,4,2,2,10,1,1,2,1,9,11,1,4,535,99,2,2025,1,2,3,3,1,0,4,3,02956e56,2152
33023.88,41068.516,6584.55,13,1,2,5,1,1,8,1,2,2,2,4,1,1,4,999,3,2,2025,1,2,1,2,3,0,3,1,cd39314b,2153
40399.254,55787.41,11597.533,11,1,2,6,1,2,7,1,1,2,1,9,11,1,4,999,99,2,2025,1,2,4,2,1,0,2,1,20a1e62f,2154
39887.07,54329.51,12798.869,13,1,2,3,1,2,8,1,2,6,1,6,1,1,4,999,2,5,2025,1,6,3,2,1,0,3,1,620122e2,2188
29394.7,40167.87,3646.1975,13,1,2,2,1,2,8,1,2,3,2,2,1,1,4,999,2,3,2025,1,3,2,2,1,0,4,1,beacfa80,2189
19179.0,39287.27,4983.657,8,2,2,5,1,2,8,1,1,2,1,6,11,2,4,462,99,2,2025,1,2,2,1,2,0,1,1,275d8a90,2190
59409.363,84081.38,28697.582,4,1,2,4,2,2,8,1,2,2,1,4,1,1,4,999,2,2,2025,1,2,1,3,1,0,4,2,2ecd018a,2197
58040.984,69029.484,15463.934,13,1,2,3,1,2,8,1,2,4,1,2,1,3,1,999,2,4,2025,2,4,5,2,2,0,2,1,b5a80c7a,2211
15611.956,28260.559,3966.717,13,1,2,3,1,2,10,1,1,2,1,6,1,1,4,835,3,2,2025,1,2,4,2,1,0,4,2,34f79d0a,2234
29055.66,40547.934,5565.411,5,1,2,1,1,1,7,1,1,2,2,4,11,1,4,999,99,2,2025,1,2,3,2,1,0,4,1,37a1f6bb,2235
98111.414,111381.1,45088.934,4,1,2,3,1,2,1,1,2,4,2,2,1,1,4,825,2,4,2025,1,4,4,2,2,0,3,2,1ab13155,2235
35674.438,36880.32,2487.7368,13,1,3,2,1,2,7,1,1,2,2,4,1,1,4,999,99,2,2025,1,2,1,2,3,0,3,3,1d31014f,2235
47853.594,70870.05,18961.287,13,1,2,6,1,2,10,1,2,2,2,6,1,1,4,462,2,2,2025,1,2,2,2,1,0,4,1,30044b5a,2238
41185.402,49626.53,6984.9595,13,1,2,4,2,1,4,1,1,3,1,4,1,1,4,999,2,4,2025,1,4,1,2,3,0,2,1,199c0844,2239
39029.723,44611.098,2465.895,13,1,3,4,1,2,7,1,1,2,2,4,1,1,4,999,2,2,2025,1,2,3,2,1,0,4,1,f0e4782d,2242
53027.29,56194.426,10069.097,13,1,2,3,1,1,2,1,1,4,2,6,1,1,1,999,2,4,2025,1,4,3,3,1,0,4,1,5e9a6825,2264
29807.828,42690.34,8378.674,8,1,2,2,2,2,9,1,1,2,1,2,9,1,1,535,99,3,2025,2,3,3,2,3,1,2,2,d6211081,2265
27836.17,39683.348,5449.0063,13,1,2,3,1,2,4,1,2,2,2,4,1,1,4,999,2,2,2025,1,2,3,2,1,0,3,1,f62b424b,2270
49342.695,65188.75,15029.52,13,1,2,4,2,2,7,1,2,2,2,4,1,1,1,933,2,2,2025,2,2,5,3,1,0,3,1,c03fa78f,2271
31919.176,44248.734,8783.194,13,1,3,4,1,1,1,1,1,2,2,9,1,1,4,999,2,2,2025,1,2,1,2,1,0,2,1,d08e4449,2272
38033.383,48346.906,10075.888,13,1,2,4,1,2,7,1,1,2,1,4,1,1,4,933,2,2,2025,1,2,5,2,2,1,2,2,01ecf98c,2314
31041.615,45281.59,8221.9,13,1,2,4,1,2,10,1,1,2,2,6,1,1,4,999,1,2,2025,1,2,2,2,2,1,3,1,a8ef5ba3,2341
43622.13,76612.14,25621.324,8,1,2,6,2,2,8,1,2,2,1,2,1,1,4,999,2,2,2025,1,2,5,2,1,0,2,1,3a1cdd35,2345
35563.5,50024.82,10591.066,3,1,4,2,1,1,7,1,1,2,1,9,1,1,4,933,2,2,2025,1,2,5,2,2,0,2,2,edd953ff,2352
40738.855,53216.527,6734.722,13,1,5,6,1,1,7,1,1,2,2,9,11,1,4,999,99,2,2025,1,2,2,2,3,0,2,1,fa0dc285,2355
34266.68,56018.07,13599.135,2,1,2,3,2,2,1,1,1,2,2,6,1,1,3,999,2,2,2025,1,2,3,2,3,0,3,1,8549383d,2370
44113.8,57693.78,15667.328,13,1,2,4,1,1,7,1,2,2,2,9,1,1,2,999,2,2,2025,1,2,4,2,1,0,2,1,19b173b6,2373
64084.3,92260.51,34952.72,3,1,2,6,1,2,7,1,2,2,1,6,1,1,4,999,2,2,2025,1,2,3,2,1,0,3,1,2a4e7689,2378
74240.4,78676.305,14190.006,13,1,2,4,1,1,7,1,2,3,2,4,1,1,2,535,2,3,2025,1,3,5,2,3,0,3,2,163c2003,2380
41143.055,49937.645,10720.055,13,1,2,2,2,2,10,1,1,2,2,2,1,3,4,999,1,2,2025,1,2,2,3,1,0,3,2,b8a4066f,2385
30552.701,43970.03,9001.063,11,1,2,4,1,1,7,1,1,2,1,4,1,3,4,999,2,2,2025,1,2,2,2,3,0,2,1,8d9fa776,2388
46157.453,54887.93,13314.804,10,1,2,3,2,1,2,1,1,2,2,4,1,1,4,835,2,2,2025,1,2,4,2,2,1,1,1,a9982d53,2395
23253.768,39688.457,5224.043,11,1,3,5,1,1,8,1,2,2,2,4,11,1,4,999,99,2,2025,1,2,1,2,1,0,4,1,999595ac,2396
42788.844,50182.812,5854.9473,13,1,2,4,1,1,7,1,1,3,2,9,1,1,4,999,2,3,2025,1,3,1,3,1,0,4,2,40f1e091,2402
19414.748,34017.81,4654.7754,13,1,2,3,2,1,5,1,1,3,2,4,1,1,1,535,99,3,2025,1,3,3,3,3,0,2,1,4fcb43e2,2404
25986.092,42170.133,5803.8813,13,1,2,5,1,2,8,1,1,2,1,6,5,1,4,999,99,2,2025,1,2,1,3,1,0,3,3,722c63ab,2405
53222.965,75988.84,21202.385,5,1,3,3,2,2,1,1,1,2,1,4,1,1,4,999,2,2,2025,1,2,5,2,1,0,4,1,ddb7e6d5,2424
31741.855,40666.152,1568.5427,13,1,2,2,1,2,8,1,1,5,1,9,1,1,4,535,99,5,2025,1,5,3,2,3,0,2,1,d18831ec,2446
50880.65,58302.43,9445.821,13,1,2,4,1,2,7,1,1,2,2,4,1,1,4,999,2,2,2025,1,2,4,3,1,0,3,1,83f1dde9,2450
76476.57,90664.266,26705.139,13,1,2,5,1,1,7,1,2,2,1,6,1,1,1,825,2,2,2025,2,2,4,2,1,0,4,1,189fdc38,2451
40059.844,49272.754,11464.231,13,1,3,3,1,1,7,1,1,3,2,4,1,3,4,999,2,3,2025,1,3,3,3,1,0,3,2,5a249ef7,2453
28732.043,34096.293,3958.3262,13,1,2,5,1,2,7,1,1,2,1,6,8,1,4,999,99,3,2025,1,3,2,2,1,0,3,1,74be08ba,2481
49850.46,67503.39,14608.604,13,1,2,4,2,2,9,1,1,2,2,4,1,1,4,999,1,2,2025,1,2,3,3,1,0,4,1,6771ca13,2482
60802.68,72762.125,14267.68,4,1,2,4,1,1,5,1,2,3,1,1,1,1,2,999,2,3,2025,1,3,3,2,3,0,3,2,884e3728,2535
42881.55,66175.56,13289.683,5,1,2,4,2,2,7,1,2,2,2,9,2,1,2,825,99,2,2025,1,2,4,2,2,1,2,1,9e4f8fa2,2535
36729.965,51358.938,10086.778,10,1,2,3,2,1,8,1,1,3,1,6,1,1,1,999,2,3,2025,1,3,2,2,3,0,2,2,4f11bc06,2536
30076.646,49019.605,11637.506,13,1,4,6,2,2,8,1,2,2,2,2,1,1,1,535,2,2,2025,2,2,5,2,1,0,3,1,46edd84e,2537
70618.72,81199.445,21380.918,13,1,2,5,1,2,7,1,1,3,1,2,1,1,4,999,2,3,2025,1,3,5,3,1,0,4,1,f60232f8,2552
26804.54,52433.64,11160.675,13,1,2,6,2,2,7,1,2,2,2,9,11,1,4,999,99,3,2025,1,3,1,2,1,0,4,1,6a997115,2557
48665.957,69907.97,14709.853,8,1,2,3,2,2,8,1,2,6,1,9,11,1,4,999,3,5,2025,1,6,3,2,1,0,4,1,66238c80,2559
54053.875,75121.414,17097.473,13,1,2,5,1,2,8,1,2,2,2,6,1,1,4,999,2,2,2025,1,2,4,3,1,0,4,1,a3c1ca8d,2559
34117.37,38395.55,5790.0312,4,1,2,4,1,1,7,1,2,3,1,9,13,1,4,999,99,3,2025,1,3,1,2,1,0,2,2,63cbc3d7,2567
84890.39,78206.266,21232.521,8,1,2,2,1,2,10,1,1,3,2,6,1,1,4,999,2,3,2025,1,3,2,2,3,1,2,2,5c907ecc,2569
35827.95,42177.99,7856.8633,13,1,2,2,1,1,10,1,2,3,1,9,1,1,4,999,3,5,2025,3,5,4,2,2,0,2,1,cfad029b,2593
61082.465,65556.85,11963.679,11,1,2,3,1,2,7,1,1,4,2,2,1,1,3,999,2,4,2025,1,4,5,3,1,0,3,1,4b963045,2595
31340.31,63170.016,15013.549,13,1,2,5,2,1,7,1,2,2,1,9,1,1,3,999,2,2,2025,1,1,4,2,1,0,3,1,432aab36,2608
45275.25,52479.56,9814.703,13,1,2,2,1,2,7,1,2,2,2,2,1,1,1,999,2,3,2025,1,3,3,2,1,0,3,1,e86c40ac,2613
47849.58,61374.418,8563.031,13,1,2,3,1,2,8,1,1,2,1,4,1,1,4,999,2,2,2025,1,2,3,2,1,0,3,2,b5224a64,2632
59267.867,72862.65,23357.15,13,1,2,3,2,2,8,1,2,4,2,2,1,1,4,999,2,5,2025,1,6,3,3,1,0,3,1,bab5e9e9,2641
58772.176,67467.3,10857.274,13,1,2,2,2,2,7,1,1,2,2,4,1,3,2,999,2,2,2025,1,2,2,3,1,0,4,1,99fcc10c,2649
50472.027,71077.945,15221.805,5,2,5,2,2,1,8,1,3,2,1,5,1,1,4,835,2,2,2025,1,2,2,1,2,1,2,1,e8b0282f,2650
27656.748,44679.566,5280.724,13,1,2,2,2,1,7,1,2,2,2,4,2,1,4,999,2,2,2025,1,2,4,3,2,0,2,1,5aca8135,2651
37038.082,52410.727,6320.859,13,1,2,4,1,1,4,1,2,6,1,2,1,1,4,999,1,3,2025,1,6,5,2,3,0,2,1,3d6dd26b,2652
40986.44,62381.547,19661.912,1,1,2,3,2,2,5,1,1,2,2,2,1,1,1,933,3,2,2025,1,2,5,2,2,1,2,1,a62fc525,2652
45547.273,51253.816,9421.59,13,1,2,5,1,2,7,1,1,2,1,4,1,1,1,535,1,4,2025,2,4,3,2,1,0,2,1,74c261ce,2664
52890.32,76793.586,20114.65,13,1,2,4,2,2,7,1,2,2,1,9,1,1,4,999,3,2,2025,1,2,5,2,1,0,4,2,3b1f85c3,2668
60091.367,73061.7,21128.174,13,1,2,5,1,2,7,1,1,4,2,6,1,1,2,825,2,4,2025,1,4,4,3,1,0,4,1,14a28675,2670
35854.85,41447.887,7551.925,13,1,2,4,1,1,7,1,1,2,1,4,1,1,1,999,2,3,2025,1,3,4,2,2,0,2,2,491c2234,2679
62820.664,74473.31,21339.186,13,1,4,5,1,2,10,1,2,2,2,2,1,1,4,933,3,2,2025,1,2,5,3,3,0,4,1,72fa286f,2679
52365.3,72885.69,23684.805,13,1,2,6,2,2,99,1,2,3,2,6,1,1,1,462,2,3,2025,2,3,2,3,1,0,4,1,784e86c6,2681
37256.332,62790.086,8687.891,13,1,5,5,2,2,8,1,1,2,2,1,1,1,4,999,2,2,2025,1,2,2,2,3,0,4,1,4e228bf5,2691
58325.637,70832.05,18058.258,7,1,5,2,1,2,7,1,2,2,1,2,1,1,1,999,2,2,2025,3,2,5,2,2,1,2,1,3eeba8df,2707
30377.375,41817.81,5700.16,13,1,2,4,2,2,8,1,1,2,2,1,1,1,1,999,3,2,2025,2,2,4,2,2,0,1,1,a9ee9752,2712
58042.188,65616.84,21252.168,8,1,2,4,1,2,8,1,2,4,2,2,1,1,1,462,3,4,2025,1,4,2,2,3,0,1,1,c266737c,2713
49515.207,58409.125,11927.652,13,1,2,4,1,2,3,1,1,2,1,4,3,1,4,999,2,2,2025,1,2,5,2,2,0,2,2,b4ea3a35,2724
46889.258,50233.15,12559.401,5,1,2,5,2,1,1,1,2,2,2,4,1,3,4,999,2,2,2025,1,2,1,2,1,0,4,1,4e052f23,2727
54941.97,69575.58,15998.808,4,1,2,4,1,1,4,1,1,3,1,4,1,3,1,999,2,3,2025,2,3,2,2,1,0,3,2,8532f380,2735
28570.613,46102.543,6740.0776,13,1,3,4,1,2,99,1,1,2,1,9,13,1,1,999,99,2,2025,1,2,3,2,3,0,2,1,dac1b662,2736
36877.293,57132.68,13971.682,5,1,2,4,2,1,99,1,1,3,1,1,1,1,4,462,2,5,2025,1,6,2,2,2,0,2,1,93f5aaac,2750
100151.4,124220.87,73734.29,5,1,4,5,1,2,7,1,1,2,1,4,1,1,1,933,2,2,2025,1,2,5,2,2,1,1,3,24b37c83,2778
13462.222,15328.733,2832.186,8,1,3,2,1,2,7,1,1,3,2,4,1,3,1,999,3,3,2025,3,3,3,2,3,0,2,2,2fbb63c3,2791
34979.984,43952.652,6410.832,13,1,2,3,1,2,8,1,1,3,1,5,1,1,1,462,2,3,2025,1,3,2,2,2,1,2,2,4c8d9a40,2795
64558.465,75799.75,21849.258,2,1,2,4,1,2,4,1,1,2,2,2,1,3,4,999,1,2,2025,1,2,1,2,1,0,4,3,eb32480c,2795
52160.05,69081.94,20524.848,5,1,2,2,1,2,4,1,1,2,2,4,1,1,1,999,2,2,2025,2,2,4,2,2,0,2,1,c65fdda0,2796
78119.48,98394.49,39214.41,8,1,2,5,1,2,7,1,2,2,1,5,1,1,1,999,2,2,2025,2,2,3,3,3,1,2,1,42114f04,2797
51002.36,74216.055,22322.44,13,1,2,3,1,2,9,1,1,4,2,6,1,1,3,835,2,4,2025,1,4,4,2,1,1,2,2,74cf3f2b,2797
62940.727,70963.77,18228.924,8,1,2,4,1,2,7,1,2,3,1,2,1,1,2,535,2,3,2025,1,3,3,3,3,0,4,1,a3bda168,2799
42312.34,48326.96,5766.2104,13,1,2,3,1,1,7,1,2,3,2,2,1,1,4,999,2,3,2025,1,3,4,2,1,0,3,1,2320487a,2799
43276.63,46022.0,8153.5845,13,1,2,5,1,2,10,1,1,2,2,5,1,1,4,999,2,2,2025,1,2,3,2,1,0,4,1,5d42ed24,2799
55646.84,63847.656,10804.798,13,1,2,4,1,2,7,1,2,2,2,2,1,1,4,999,2,2,2025,1,2,2,3,2,0,4,1,6fac7a21,2800
21496.678,46024.184,8373.766,13,1,2,2,2,2,8,1,2,2,1,9,1,2,4,999,99,2,2025,1,2,2,2,1,0,3,1,7a96db01,2804
56189.387,70715.766,15270.62,13,1,5,4,1,1,5,1,2,2,2,4,1,1,4,535,2,3,2025,1,3,3,2,1,0,3,1,494155ec,2805
21720.182,36150.562,6695.262,13,1,2,2,2,1,6,1,1,2,2,9,6,1,3,999,1,2,2025,1,2,4,2,1,0,2,1,069d28ee,2818
37484.434,48723.8,8262.089,13,1,2,3,1,2,8,1,2,2,2,2,1,1,4,999,2,2,2025,1,2,4,3,1,0,3,1,3b3c1475,2821
39043.562,50864.23,8024.1123,13,6,2,4,1,1,2,1,1,2,1,9,1,1,4,462,99,2,2025,1,2,2,2,2,1,2,3,fa2f138a,2840
47659.47,66487.29,15568.323,10,1,3,4,1,2,1,1,2,2,2,4,1,1,4,999,2,2,2025,1,2,3,2,1,0,3,2,692c9f16,2841
61713.418,88761.64,30268.07,13,1,2,5,2,2,1,1,2,3,1,9,1,1,4,999,3,3,2025,1,3,5,3,1,0,4,1,db8129ab,2849
20157.438,34595.742,5443.9727,13,1,2,5,1,1,7,1,2,2,2,4,1,1,4,999,2,2,2025,1,2,4,2,1,0,4,1,fd92a835,2851
42483.37,54708.453,10557.912,13,1,2,4,1,1,7,1,1,2,1,4,1,3,4,999,2,2,2025,1,2,3,2,1,0,4,1,abd2dd62,2853
38348.016,54120.984,7101.953,13,1,2,2,1,1,4,1,1,2,1,4,3,1,4,999,99,4,2025,1,4,4,2,1,0,3,2,e94f39b8,2857
78466.31,85087.234,23356.963,8,1,2,4,1,2,8,1,1,3,2,6,1,3,4,999,2,2,2025,1,2,1,3,1,0,4,3,413ed8ff,2862
42064.97,48895.09,6812.5273,13,1,2,5,2,2,6,1,1,3,2,9,11,1,4,999,99,2,2025,1,2,4,2,1,0,4,1,5b114b16,2869
40262.957,46688.832,11113.962,10,1,2,4,1,2,10,1,1,2,1,2,1,1,1,999,3,2,2025,3,2,5,2,3,0,3,1,f0e048fe,2879
25832.38,39830.94,7929.7153,5,1,5,2,1,1,8,1,1,2,2,2,1,1,4,999,2,2,2025,1,2,3,2,1,0,3,1,e3cd4545,2879
51101.46,61397.176,13376.289,13,1,3,5,2,1,7,1,1,3,1,4,1,1,4,999,2,3,2025,1,3,3,2,1,0,1,1,a12436b7,2880
39795.812,66086.98,18632.377,3,1,3,6,1,1,1,1,1,2,2,4,1,1,2,999,1,2,2025,1,2,5,2,3,1,2,1,58e8a1fd,2886
54050.035,58624.543,7984.405,13,3,3,3,1,2,7,1,1,3,2,2,1,1,4,999,2,4,2025,1,3,4,2,1,0,4,1,8e547fca,2897
41898.188,53897.566,10681.99,13,1,2,4,2,2,8,1,2,2,2,4,1,1,4,999,3,2,2025,1,2,5,3,1,0,3,1,268d02a1,2904
46719.46,58008.758,11084.609,13,1,3,5,1,1,9,1,2,2,1,4,1,1,4,999,2,4,2025,1,4,2,2,1,0,4,1,7f566c71,2905
65907.82,88155.66,25190.736,5,1,2,4,1,2,8,1,2,2,1,9,1,1,4,999,2,2,2025,1,2,4,2,3,0,3,1,8fe31543,2916
59307.7,64178.242,15095.888,13,1,4,5,1,1,10,1,1,4,1,4,1,1,4,933,2,4,2025,1,4,5,2,1,0,3,1,352eacad,2919
42405.36,56278.72,12183.481,13,1,2,2,1,1,7,1,2,2,1,6,1,1,2,999,2,2,2025,1,2,4,2,1,0,2,1,53d92618,2921
41620.402,48863.21,9240.517,13,1,5,4,1,1,7,1,2,2,2,4,1,1,1,535,2,2,2025,2,2,3,2,1,0,3,1,9723a9bb,2928
50755.617,58274.273,13450.909,2,1,4,3,1,2,7,1,1,4,1,6,1,1,4,535,2,4,2025,1,4,3,2,3,1,2,2,7cf48a26,2929
32055.697,47614.934,8428.782,13,1,2,5,1,1,8,1,1,2,1,9,1,1,4,999,99,2,2025,1,2,4,1,3,1,1,1,7e95c825,2951
36555.383,44515.39,4742.5703,13,1,5,3,1,2,7,1,1,2,2,5,1,1,4,999,2,2,2025,1,2,2,2,3,0,4,2,028754d2,2951
54952.79,62714.453,13107.895,13,1,5,5,1,1,8,1,1,3,2,6,1,1,4,999,99,3,2025,1,3,3,3,1,0,4,1,a03fd4a6,2953
63308.266,89331.35,34478.895,13,1,3,6,1,2,1,1,1,4,2,4,1,3,4,999,2,4,2025,1,4,2,2,3,0,2,1,bc643461,3002
43679.023,59104.875,11634.269,5,2,2,4,1,1,7,1,1,3,1,4,1,1,2,999,2,3,2025,1,3,4,2,3,0,1,2,b40f74ad,3013
33051.72,51321.215,9340.207,5,1,2,2,2,2,8,1,2,2,1,4,1,1,4,999,2,2,2025,1,2,1,2,2,0,2,1,48323d9a,3025
39577.785,53081.414,12781.675,13,1,5,5,2,1,6,1,2,2,2,1,1,1,1,999,2,2,2025,1,2,3,2,3,0,4,1,ebe3e524,3037
49562.938,64919.188,14013.394,9,1,2,4,1,2,4,1,2,3,1,9,11,1,4,999,99,3,2025,1,3,1,2,1,0,3,3,b65b85bc,3039
45008.344,56212.39,9654.577,13,1,2,5,1,2,8,1,1,2,1,2,1,1,4,999,2,2,2025,1,2,1,1,1,0,2,1,8a8cb6a3,3041
38259.574,60795.96,9519.885,3,1,3,3,2,2,7,1,2,2,1,4,1,1,1,535,2,2,2025,1,2,3,2,2,1,1,1,869536f8,3057
48613.03,56201.758,9169.579,13,1,2,5,1,2,7,1,2,4,2,4,1,1,1,999,2,4,2025,1,4,4,2,1,0,3,1,2c990062,3061
44981.895,57593.34,10539.172,1,1,2,4,2,2,8,1,1,2,2,2,1,1,4,999,3,4,2025,1,4,3,2,1,0,4,1,b835693c,3073
42952.633,61918.164,17703.889,13,1,2,5,2,2,7,1,2,3,1,4,1,3,4,535,2,3,2025,1,3,3,2,1,0,3,1,528eb298,3080
45688.156,57909.402,10947.847,13,1,2,2,1,2,7,1,2,2,2,4,1,1,4,999,2,2,2025,1,2,4,2,1,0,4,1,43bf09b0,3082
44327.402,65484.277,18276.514,4,1,2,2,2,2,2,1,1,2,1,4,1,1,4,999,3,2,2025,1,2,3,1,3,0,1,1,ba971aee,3087
27186.836,58281.832,10240.3125,4,1,3,4,2,2,99,1,1,2,2,1,1,1,4,999,2,2,2025,1,2,3,2,1,0,3,1,01d8e073,3090
58320.0,74092.1,14849.22,5,1,2,3,2,1,7,1,1,2,2,2,1,1,4,462,2,3,2025,1,2,2,2,1,0,3,1,e901ac5b,3094
33406.508,46018.22,9451.738,2,1,4,3,1,2,7,1,3,2,1,4,11,1,2,825,99,2,2025,1,2,4,3,1,0,3,2,22e9ead6,3096
48308.438,59356.742,14197.269,13,1,4,2,1,1,7,1,1,5,1,5,1,1,4,462,1,2,2025,1,5,2,2,1,0,2,2,bc70a515,3098
28170.064,47964.21,10164.009,13,1,2,3,1,2,8,1,1,2,1,4,1,2,4,999,2,4,2025,1,2,2,3,1,0,4,2,08506e5d,3099
33288.18,43823.3,7942.679,13,1,2,4,2,2,7,1,1,4,2,6,1,1,4,999,2,4,2025,1,4,1,2,1,0,3,1,7ef00a89,3111
51979.22,82021.91,35437.758,6,1,2,3,1,2,7,1,2,2,1,2,1,1,4,999,2,2,2025,1,2,5,3,1,0,2,1,4857e55f,3112
58363.457,76201.23,15609.503,13,1,3,2,1,1,7,1,1,2,1,4,1,1,2,933,3,2,2025,1,2,5,2,2,0,2,1,abcf8c24,3123
31393.33,45500.715,9282.31,13,1,3,2,1,2,8,1,1,2,2,2,1,1,1,999,2,2,2025,3,2,2,2,1,0,2,1,ac944509,3126
42749.867,60300.348,15221.312,13,1,2,5,2,2,7,1,2,3,1,6,1,3,4,999,2,3,2025,1,3,4,3,1,0,4,1,10ad3d6f,3129
54610.215,66259.99,11095.714,13,1,4,4,1,2,8,2,1,2,2,2,1,1,1,535,3,4,2025,1,4,3,2,3,0,2,2,a6f48836,3135
45407.41,69030.89,17996.373,13,1,2,5,1,2,10,1,2,2,1,9,11,1,1,999,3,2,2025,2,2,3,2,3,0,4,2,321c15eb,3136
29228.414,38552.637,3820.078,11,1,3,3,1,2,7,1,1,4,2,9,1,1,4,933,99,4,2025,1,4,5,3,2,0,4,1,5ed7743c,3136
39925.652,46592.83,6862.793,13,1,2,4,1,2,8,1,1,2,1,2,2,1,4,835,99,2,2025,1,2,4,3,3,0,4,3,d48d20c3,3138
47303.645,62080.996,9145.125,13,1,3,4,2,2,10,1,2,6,1,4,1,1,4,999,2,4,2025,1,4,1,3,1,0,3,1,acf00220,3140
32641.178,42141.105,5266.844,13,1,2,3,1,2,7,1,1,3,1,9,9,1,4,999,99,3,2025,1,3,3,2,2,0,2,2,e9a75033,3145
47284.605,57453.85,10048.465,13,1,2,4,1,1,2,1,1,3,2,4,1,1,4,999,2,3,2025,1,3,2,3,1,0,4,1,3ac7f93b,3187
33967.785,47042.28,12959.877,13,1,2,5,1,2,7,1,1,4,2,4,1,2,4,999,1,4,2025,1,4,2,2,1,0,2,1,c6293c20,3194
38903.13,72739.06,23406.97,2,1,2,2,2,1,6,1,2,3,1,4,1,1,3,999,1,3,2025,1,3,4,2,1,0,1,1,9a652a2f,3284
64014.535,74287.37,20082.125,13,1,2,4,1,2,7,1,2,3,1,4,1,1,4,999,2,3,2025,1,3,5,2,1,0,3,2,29a191aa,3285
45243.75,57787.465,11196.293,13,1,3,1,1,2,8,1,1,5,1,2,1,1,4,999,2,5,2025,1,5,4,3,2,0,4,1,e59c99f2,3286
27581.158,35025.28,6800.432,13,1,2,4,1,2,10,1,1,2,1,2,1,1,1,933,3,2,2025,3,2,5,2,2,0,1,1,0810da5a,3287
47117.23,47262.824,4659.0454,13,1,5,5,1,2,8,1,1,3,2,2,1,1,4,999,3,3,2025,1,3,4,2,2,0,2,1,63ced713,3288
47608.29,71752.83,24643.496,3,1,2,5,2,2,8,1,2,3,2,6,1,2,4,999,2,3,2025,1,3,2,3,1,0,4,1,9c6b313a,3291
31361.336,30090.402,4112.4673,13,1,5,1,1,2,7,2,1,3,2,4,1,3,4,999,2,3,2025,1,3,2,2,1,0,2,2,3409e08d,3302
30852.637,44389.57,6297.0903,13,1,3,4,1,1,8,1,1,2,1,9,1,2,4,999,99,2,2025,1,2,2,3,1,0,4,1,185ba193,3304
29659.277,42091.117,5445.7246,13,1,2,4,1,1,2,1,1,2,2,4,1,1,4,933,2,2,2025,1,2,5,2,2,0,2,1,27e13e24,3304
31462.209,45461.457,6087.187,13,1,3,3,1,2,10,1,1,2,1,4,1,1,4,999,2,2,2025,1,2,1,2,1,0,2,2,4bb2e981,3306
41481.32,50891.77,11779.948,13,1,2,2,1,2,7,1,1,4,1,4,1,1,1,999,2,4,2025,1,4,3,2,3,0,1,1,6254dbed,3321
54464.387,64021.863,15792.527,13,5,2,2,1,1,7,1,1,2,3,4,1,1,4,999,2,2,2025,1,2,2,1,2,0,1,1,2dbdfd61,3321
37123.95,60370.484,12021.673,8,7,2,2,1,2,7,1,1,1,3,9,3,1,2,999,99,2,2025,1,2,3,1,3,1,2,1,9465ef8d,3322
60174.094,71671.29,20321.877,13,5,2,2,1,2,1,1,1,2,3,2,1,1,4,933,3,2,2025,1,2,5,1,2,1,1,1,6cdcf944,3322
41239.83,62594.695,17241.38,13,6,2,6,2,2,4,1,1,1,3,6,1,3,4,999,2,4,2025,1,1,3,2,2,1,4,1,49a8ae7a,3330
23704.385,33275.824,3681.3743,10,7,2,4,1,1,4,1,1,3,3,4,1,1,1,999,2,3,2025,3,3,5,1,2,1,2,1,34463825,3331
32442.031,49808.72,9102.542,13,6,3,3,2,1,5,1,1,1,3,4,1,1,4,999,99,2,2025,1,2,5,1,2,1,1,1,44f78d09,3332
35601.02,43259.406,6048.3696,13,1,2,3,1,2,7,2,1,3,1,2,11,1,4,933,99,3,2025,1,3,4,2,2,1,1,1,47a3e291,3333
31971.123,47149.625,10450.827,8,1,2,3,1,2,99,1,2,2,1,9,13,1,1,999,99,2,2025,2,2,5,2,2,1,2,1,5441a88f,3339
36187.312,48193.203,7186.252,13,5,2,2,1,2,8,1,1,2,3,2,1,3,4,999,2,2,2025,1,2,3,1,2,0,1,1,9bde7145,3350
24549.957,32436.426,5098.5493,11,1,3,3,1,1,4,1,1,2,1,4,2,1,4,999,99,2,2025,1,2,3,1,2,0,2,1,414c9fbd,3351
25785.725,33370.42,4858.9062,5,6,3,5,1,2,8,2,1,1,3,9,1,1,2,999,2,3,2025,1,3,3,2,2,0,2,2,c64c76c7,3386
44076.133,55076.613,11219.588,11,5,2,5,1,2,8,1,1,2,3,2,11,1,4,999,99,2,2025,1,2,2,1,3,0,2,1,57d32197,3387
30825.404,44280.395,8871.634,3,7,3,4,2,1,10,1,1,4,3,4,1,1,4,999,2,4,2025,1,4,4,1,3,0,1,1,74be3e03,3392
32950.684,49387.914,11631.238,13,6,2,6,1,1,2,1,1,2,3,4,1,1,4,999,2,2,2025,1,2,4,1,2,0,1,1,128c39f0,3393
49432.74,51279.055,11909.276,13,6,4,5,1,1,10,1,1,2,3,4,1,3,4,535,2,2,2025,1,2,3,1,2,0,2,1,41ed55ed,3394
41682.08,57552.363,9932.9375,5,1,3,2,2,2,8,1,1,2,1,4,1,1,4,999,2,2,2025,1,2,4,3,1,0,4,1,53ced5f1,3404
34491.574,56075.977,9528.064,5,1,2,6,1,2,7,1,1,2,1,6,11,1,4,999,99,2,2025,1,2,3,3,1,0,3,1,a4905f29,3416
55193.227,64876.566,13214.243,4,1,2,4,1,2,10,1,1,2,1,2,1,1,4,999,2,2,2025,1,2,2,2,2,0,2,2,9b3fb1ad,3417
33715.082,59573.344,9098.499,5,1,2,7,1,2,7,1,1,2,3,9,1,1,1,999,3,2,2025,2,2,3,2,2,1,2,1,d07ae674,3418
23613.021,42518.438,7070.05,13,5,3,5,2,2,6,1,1,2,3,4,1,1,4,999,1,2,2025,1,2,5,1,2,0,1,1,85c51059,3425
39871.973,55339.285,13403.774,4,1,4,4,1,2,10,1,1,3,1,9,2,1,1,999,99,3,2025,3,3,3,2,3,0,3,1,f780314c,3427
53635.93,64395.43,15057.162,13,6,3,4,1,1,10,1,1,2,3,4,1,1,4,999,2,2,2025,1,2,3,1,2,1,2,1,275a6c73,3435
36095.824,61271.38,9921.552,13,1,2,2,2,2,7,1,1,2,1,9,1,1,2,999,2,2,2025,1,2,4,2,1,0,3,2,6114444b,3444
21363.342,28200.992,4197.88,11,6,2,5,2,2,8,1,1,2,3,4,1,2,4,999,2,3,2025,1,2,2,2,2,0,2,1,4d931340,3445
36878.758,47553.363,8866.225,2,1,2,3,1,2,7,2,2,4,1,9,1,1,4,825,3,4,2025,1,4,4,2,2,1,2,1,accc84ac,3446
25942.887,40734.562,9605.096,8,6,3,2,2,2,9,1,1,3,3,4,12,2,4,999,99,3,2025,1,3,2,2,1,0,3,1,8d64614b,3446
44522.625,61128.28,16201.046,13,1,4,5,1,1,6,1,2,4,1,1,1,1,1,933,1,4,2025,2,4,5,2,2,0,1,1,cc23bda5,3447
36435.6,42870.934,8725.672,13,5,2,5,1,1,7,1,1,1,3,4,1,1,4,999,2,2,2025,1,2,2,1,2,0,1,2,58c6ab50,3466
36461.547,45980.09,5919.368,13,6,5,2,1,1,2,1,1,5,3,4,1,1,4,999,2,5,2025,1,2,3,2,2,1,1,1,7804b1bc,3469
41536.977,58873.63,16947.25,13,5,2,2,2,1,1,1,1,2,3,2,1,3,4,999,2,2,2025,1,2,3,1,2,0,2,2,84833aff,3477
84492.266,91638.19,29136.89,13,7,4,2,1,2,10,1,1,2,3,2,1,3,4,535,3,2,2025,1,2,3,2,2,1,1,1,57e5ab0b,3486
42943.48,59723.15,16082.842,8,1,2,3,2,2,7,1,1,4,1,6,1,3,4,999,3,5,2025,1,6,2,2,1,0,2,1,013e33dd,3487
37487.555,48256.332,8378.152,13,1,2,4,1,2,8,1,2,2,1,6,5,1,4,999,99,2,2025,1,2,3,2,1,0,3,2,c0fc0e1b,3498
33374.66,47413.69,9377.65,13,1,3,1,2,2,10,1,1,2,3,4,1,3,4,835,2,2,2025,1,2,4,2,2,0,2,1,926ead3a,3505
63871.633,72282.39,21455.344,13,1,5,5,1,2,2,1,1,2,3,2,1,1,4,462,3,3,2025,1,2,5,1,2,1,1,1,ad521681,3507
34598.074,47906.348,8089.554,13,7,2,4,2,2,10,1,1,2,3,2,1,1,4,999,2,2,2025,1,2,1,2,1,0,2,3,aaef0883,3511
23651.291,27979.533,3034.89,13,7,3,4,1,2,7,1,1,2,3,9,1,1,1,999,2,2,2025,3,2,4,2,2,0,2,1,ebe4f442,3513
35904.406,70048.99,23528.033,8,7,3,2,2,2,99,1,1,1,3,1,1,1,4,535,2,2,2025,1,2,3,1,2,0,1,1,013576b6,3517
46108.04,60529.07,17348.65,13,5,2,3,1,2,10,1,1,4,3,4,1,1,4,462,2,4,2025,1,4,2,1,2,0,1,1,be85e496,3519
28866.848,41816.035,8088.645,13,1,2,5,2,1,10,1,2,2,1,6,8,1,1,999,99,2,2025,3,2,4,2,1,0,2,1,00c1548d,3522
34193.195,43350.85,6187.8403,13,7,3,4,1,1,7,1,1,2,3,4,1,1,2,933,99,2,2025,1,2,5,2,2,1,1,1,a03d635a,3524
32220.426,57833.0,9515.208,13,6,3,2,2,2,3,1,3,2,3,4,1,1,4,999,2,2,2025,1,2,4,1,2,0,2,1,45956bc8,3533
68436.22,83833.04,23742.95,1,2,4,2,1,1,4,1,3,2,3,6,1,3,1,462,2,3,2025,2,3,4,1,2,1,1,1,f5c3a923,3535
42519.13,49277.42,11745.378,13,1,2,4,1,2,7,1,2,2,1,4,1,1,3,999,2,2,2025,1,2,3,2,1,0,2,1,23961447,3537
33126.207,55073.188,11317.734,13,1,2,6,2,2,7,1,1,3,1,2,1,1,1,999,2,3,2025,1,3,3,2,3,0,3,1,fbe6ebb5,3538
42352.973,48967.35,11288.871,13,6,5,2,1,2,7,1,1,2,3,2,1,1,2,933,2,2,2025,1,2,5,1,2,0,1,1,f9e34fcc,3539
32934.6,45925.195,6297.272,13,1,2,5,1,2,8,1,2,5,1,9,11,1,4,999,99,5,2025,1,5,5,3,1,0,4,1,535c89ec,3551
24480.695,29779.736,3122.85,13,7,3,4,1,1,2,1,1,2,3,4,1,3,1,462,2,2,2025,2,2,2,2,2,0,2,1,14331fd3,3551
45354.68,49675.715,8371.323,13,1,3,3,1,2,10,1,2,5,1,9,1,3,4,999,2,5,2025,1,5,3,2,1,0,2,1,4c7c3380,3554
46793.996,71117.336,11015.343,2,7,5,4,2,2,7,1,1,1,3,4,1,1,1,999,2,2,2025,2,2,5,2,2,1,2,1,077855b1,3558
60008.46,82334.43,15038.335,13,1,2,4,1,2,7,1,3,2,1,6,1,1,4,999,3,2,2025,1,2,4,2,1,0,2,1,a64cf518,3567
40461.312,51508.348,10902.81,13,6,2,2,2,2,7,1,1,2,3,2,1,1,4,999,3,2,2025,1,2,4,1,1,0,1,1,c7ba9ce8,3569
54442.74,68271.8,18249.902,3,1,2,5,1,2,7,1,2,2,1,4,1,1,1,999,2,2,2025,2,2,4,2,2,0,2,1,15383d07,3570
27736.502,47801.383,6214.356,13,1,2,5,1,2,8,1,1,2,1,2,11,1,1,933,99,2,2025,2,2,5,1,2,0,1,1,0b3f6c0c,3571
40951.766,71233.055,21822.447,13,1,2,5,2,2,8,1,1,2,1,9,11,1,4,825,99,2,2025,1,2,4,2,1,0,3,1,4fab24d9,3584
44787.594,55387.227,11665.904,13,6,3,3,1,1,7,1,1,2,3,4,1,1,4,999,2,2,2025,1,2,5,2,2,0,2,2,52a44b35,3589
25510.29,35056.312,6765.9844,13,6,3,5,1,2,7,1,1,2,3,4,8,1,1,999,99,2,2025,2,2,4,1,2,0,1,1,bfcbeba2,3594
30713.377,34609.344,4714.929,13,5,3,4,1,1,7,1,1,2,3,9,5,1,1,999,99,2,2025,3,2,5,1,2,0,1,1,a936641f,3595
38219.215,48767.99,12392.16,13,7,4,3,1,1,2,1,1,1,3,4,1,3,1,933,2,2,2025,3,2,5,1,2,0,1,1,92fcfdcf,3598
25467.414,36387.836,6008.5938,4,3,4,4,1,1,7,1,1,3,2,9,1,1,1,933,2,3,2025,2,3,5,2,2,0,1,1,ad94b940,3601
49988.78,54012.387,9585.006,7,1,5,5,1,1,6,1,1,2,2,4,1,3,4,999,2,2,2025,1,2,5,2,2,1,2,1,a1a9a587,3602
34338.324,45786.035,7893.229,13,1,2,3,1,2,7,1,1,2,2,2,3,1,4,999,99,2,2025,1,2,5,3,1,0,4,2,c5c82348,3661
79196.22,89715.72,22653.283,8,1,3,4,1,2,1,2,2,4,1,2,1,1,1,999,2,5,2025,1,5,3,2,1,0,2,2,3652bf72,3663
46624.773,58442.03,12682.423,13,1,3,5,1,2,8,1,1,2,2,4,11,1,4,999,99,3,2025,1,2,3,2,3,1,2,1,b53f7d82,3677
69544.14,81482.914,33858.188,13,1,5,5,1,2,8,1,2,4,2,6,1,1,4,999,3,5,2025,1,5,3,3,1,0,4,1,4ecdf60c,3678
60546.22,79044.45,24810.156,8,1,2,5,1,2,7,1,1,2,2,6,1,1,2,999,2,2,2025,1,2,4,3,1,0,4,1,04db41b8,3697
42431.742,56709.7,12544.596,13,1,4,2,1,1,2,1,1,2,1,1,2,1,1,999,99,3,2025,2,3,3,2,3,0,2,2,2e41ade5,3701
39664.97,39330.473,4831.312,13,1,5,3,1,2,8,1,1,2,2,1,1,1,4,999,2,2,2025,1,2,1,2,2,0,2,1,f04312cb,3701
59925.184,74135.15,20379.5,13,1,3,5,1,2,7,1,2,4,1,4,1,1,4,535,2,4,2025,1,4,3,2,1,0,4,2,dcd62291,3703
29069.006,37301.367,6076.082,13,1,3,4,1,1,10,1,2,6,2,9,1,1,4,999,1,5,2025,1,6,3,3,1,0,4,2,cb0622c7,3703
68668.75,89134.68,31184.217,13,1,2,4,1,1,6,1,2,4,2,9,1,1,1,535,99,4,2025,2,4,3,3,1,0,4,2,4bdee53f,3717
45018.164,61448.58,17157.578,13,1,3,6,1,2,10,1,1,2,2,4,1,1,4,999,3,2,2025,3,2,2,2,1,0,2,1,6b354ae6,3717
45444.293,71196.15,13172.027,2,1,2,4,1,2,8,1,2,2,1,6,3,1,4,999,99,2,2025,1,2,4,3,1,0,4,1,f633dd49,3720
45844.254,56507.395,5693.6636,13,1,2,2,1,1,7,1,1,2,1,4,1,3,1,462,3,2,2025,1,2,2,2,2,1,2,1,92cd0ccb,3722
42453.176,59508.01,16633.488,13,1,2,3,1,2,2,1,1,5,1,6,1,3,4,535,2,2,2025,1,5,3,2,1,0,4,1,01f3b4a3,3745
37184.453,47198.508,5039.091,8,1,3,3,1,2,7,1,1,2,1,6,1,1,1,825,99,2,2025,1,2,4,2,2,0,2,2,908d6d7a,3747
33960.926,49215.188,12210.08,13,1,3,2,2,2,8,1,1,4,1,4,1,1,4,999,2,4,2025,1,4,2,2,1,0,3,1,6c3ad4a5,3748
35239.875,47272.527,9178.971,13,1,4,2,1,2,8,1,1,2,1,4,1,1,4,535,2,2,2025,1,2,5,1,2,1,1,2,318f2f48,3766
32362.668,61324.05,14015.534,13,1,3,6,1,2,99,1,2,2,1,9,1,1,1,999,99,2,2025,2,2,3,2,3,0,2,1,f1d23cb7,3785
27325.955,46003.316,8471.202,13,1,2,3,2,1,6,1,2,2,1,4,11,1,2,999,99,2,2025,1,2,3,2,3,1,3,1,9077a4d8,3787
37920.258,45068.797,5935.5894,13,1,2,5,1,2,8,1,2,2,1,2,2,1,4,999,99,2,2025,1,2,2,2,2,0,2,2,679c7a3a,3797
44679.676,65888.43,13127.764,13,1,2,4,1,1,10,1,2,2,1,6,1,1,4,999,2,2,2025,1,2,3,3,1,0,4,1,a51d4874,3800
39673.387,42244.203,6835.499,13,1,3,5,1,1,7,1,1,2,1,4,1,1,4,999,3,2,2025,1,2,4,2,1,0,3,1,a280878e,3807
39577.785,53081.414,12781.675,13,1,5,5,2,1,6,1,2,2,2,1,1,1,1,999,2,2,2025,1,2,3,2,3,0,4,1,c0aca2d0,3810
61730.19,70341.44,18909.541,13,1,4,3,1,1,10,1,2,2,2,4,1,3,2,462,1,2,2025,1,2,2,2,2,0,2,1,9b55c4a1,3810
45505.28,73659.63,17617.18,8,1,2,7,1,2,10,1,1,2,1,2,1,1,4,535,1,2,2025,1,2,3,2,3,0,3,1,69156bcf,3811
26804.54,52433.64,11160.675,13,1,2,6,2,2,7,1,2,2,2,9,11,1,4,999,99,3,2025,1,3,1,2,1,0,4,1,d28b4aef,3814
49545.81,72685.76,18513.672,5,1,2,5,1,1,4,1,1,2,2,6,1,1,4,462,99,2,2025,1,2,2,2,1,0,4,1,99d89986,3818
20745.004,34903.793,5237.279,8,1,2,4,1,1,10,1,2,2,1,9,3,2,4,999,99,2,2025,1,2,2,2,2,0,2,2,85eec590,3824
72450.41,75264.15,14134.169,13,1,4,4,1,2,7,1,1,2,1,2,1,1,4,999,2,2,2025,1,2,4,1,1,0,1,2,1bab2be5,3830
24351.648,30849.262,4150.781,13,1,2,1,1,1,10,1,1,3,2,4,1,1,1,933,2,3,2025,2,3,4,3,3,0,4,1,87138d48,3834
81582.82,92051.2,30680.793,13,1,2,3,1,2,10,1,1,2,1,6,1,3,4,462,2,2,2025,1,2,2,2,2,0,2,3,5c383cb9,3835
29637.555,52205.86,13064.976,13,1,2,4,1,2,2,1,2,4,1,9,1,3,1,999,99,2,2025,1,2,2,2,2,1,2,1,e4c247a2,3838
38435.32,52251.53,12598.833,13,1,5,5,2,2,7,1,2,3,1,4,2,1,4,999,2,3,2025,1,3,4,3,1,0,3,1,957313fd,3841
40603.273,60568.52,15260.428,13,1,5,5,1,1,2,1,2,2,2,4,1,1,4,999,1,2,2025,1,2,3,2,2,1,2,1,9e46f7a1,3853
37496.68,56124.28,12842.312,13,1,2,5,1,2,8,1,1,2,2,4,1,1,4,999,3,2,2025,1,2,1,2,1,0,3,2,c4027a33,3854
56071.543,79245.71,20313.537,13,1,2,4,2,2,8,1,2,2,2,2,1,1,4,825,3,2,2025,1,2,4,3,1,0,4,1,b24e8523,3866
48722.355,57035.945,9572.958,8,1,3,2,1,2,7,1,2,3,1,4,1,1,2,999,2,3,2025,1,3,1,2,2,0,4,2,1404cea6,3879
31919.176,44248.734,8783.194,13,1,3,4,1,1,1,1,1,2,2,9,1,1,4,999,2,2,2025,1,2,1,2,1,0,2,1,46b84a83,3879
29919.373,42355.77,2657.4688,13,1,2,6,1,2,7,1,1,2,1,9,3,2,4,999,99,2,2025,1,2,4,2,1,0,2,1,1dd3362a,3881
41793.93,55264.445,14597.347,13,1,2,3,1,2,7,1,2,2,1,4,1,1,4,999,2,2,2025,1,2,3,2,1,0,3,2,29dca610,3886
29741.084,38944.703,6632.042,10,1,2,2,1,1,6,1,1,2,2,2,1,1,4,999,2,2,2025,1,2,3,2,3,0,4,1,5d379a8f,3889
20302.1,37093.59,6034.9473,5,1,2,2,1,1,7,1,3,3,1,2,5,1,1,933,99,3,2025,2,3,5,1,2,0,1,2,4d9522cd,3894
47786.11,60995.367,10090.979,8,1,5,3,1,2,8,2,2,2,1,2,11,1,1,999,99,2,2025,1,2,5,3,1,0,4,1,acf92970,3905
64058.516,78321.18,21230.385,7,1,5,2,1,1,1,1,1,2,1,1,1,1,4,825,2,2,2025,1,2,4,2,3,0,3,2,153b4e34,3906
27582.738,61373.125,11027.238,13,1,3,6,2,1,1,1,1,4,1,4,1,1,4,999,3,4,2025,1,4,3,3,1,0,3,2,4983ad8b,3924
26813.695,51688.41,7706.767,4,2,3,2,1,1,7,1,1,3,1,9,1,1,1,999,1,3,2025,1,3,3,1,2,1,2,1,41182946,3925
34266.68,56018.07,13599.135,2,1,2,3,2,2,1,1,1,2,2,6,1,1,3,999,2,2,2025,1,2,3,2,3,0,3,1,92d9cd7c,3926
17257.73,26846.676,5266.8296,10,1,2,4,1,2,7,1,1,2,1,9,9,1,4,999,99,2,2025,1,2,5,2,3,0,2,3,08839b97,3927
32824.164,33704.535,4619.044,13,1,2,4,1,2,9,1,1,3,2,2,2,1,4,999,99,3,2025,1,3,4,2,1,0,3,1,39a0a20c,3930
23262.87,39523.71,4992.021,13,1,2,5,1,2,8,1,1,2,1,6,1,2,4,462,2,2,2025,1,2,2,2,1,0,2,2,2baccae4,3945
55686.934,68802.53,15842.822,11,1,2,5,1,2,8,1,2,4,1,2,1,1,3,999,99,4,2025,1,4,4,2,1,0,3,2,8c06216a,3948
32993.85,58937.863,10551.415,8,1,2,5,2,2,7,1,2,3,1,2,1,2,4,999,2,3,2025,1,3,2,2,1,0,4,2,0d057c87,3949
40457.23,50075.88,9422.405,13,1,2,4,1,1,7,1,2,4,1,4,1,1,4,825,3,4,2025,1,4,4,3,1,0,4,1,557cb267,3950
58338.453,64716.773,14530.251,13,1,2,4,1,1,6,1,2,2,1,6,1,3,1,535,2,4,2025,2,2,3,3,2,0,4,1,d13ea63b,3957
25377.236,34600.703,4837.6284,13,1,2,4,2,1,99,1,1,2,2,6,1,3,4,999,2,2,2025,1,2,1,2,3,0,2,1,7b8c4cb1,3965
41808.07,47774.996,7658.966,13,1,3,5,1,2,7,1,2,2,1,2,1,1,1,999,2,2,2025,2,2,4,2,2,0,4,1,21a4075d,3979
46205.67,53434.906,10909.967,13,1,2,5,1,2,7,1,1,2,1,4,1,1,4,999,2,2,2025,1,2,3,2,1,0,3,1,f81c92e0,3990
16840.807,24472.389,1964.3882,13,1,2,4,1,2,8,1,1,2,2,2,1,1,4,999,99,2,2025,1,2,5,2,3,0,2,1,fa1e085b,3992
24256.396,43242.42,7292.2256,13,1,2,5,2,2,7,1,2,2,2,6,1,1,1,999,2,2,2025,1,2,4,2,1,0,3,1,c6b4e35d,3999
47463.883,55458.945,14795.59,5,1,5,2,1,1,1,1,1,2,1,4,1,3,4,535,2,3,2025,1,2,3,1,2,1,2,1,459dbc16,4000
36538.06,51306.023,10581.742,13,1,5,5,1,2,7,1,2,2,2,6,1,1,4,999,2,2,2025,1,2,4,2,1,0,3,1,2d35098d,4012
58628.52,68940.55,15231.7295,13,1,3,5,1,2,7,1,1,2,2,4,1,1,4,999,2,2,2025,1,2,4,3,2,0,4,3,c6d80ad3,4015
34749.49,45447.523,6555.3896,2,1,3,2,1,1,7,1,1,3,2,4,1,1,4,933,99,3,2025,1,3,5,2,2,0,1,2,b6f7eb03,4028
16623.115,20125.47,795.67285,13,3,3,1,1,2,7,9,1,5,2,9,1,1,4,999,99,2,2025,1,2,5,3,1,0,4,2,e948a965,4030
57732.504,63561.082,13227.298,13,1,5,4,1,2,10,1,1,2,2,2,1,1,4,999,3,2,2025,1,2,3,2,1,0,2,2,f2369d7f,4033
40932.184,57047.37,14848.058,7,1,3,3,1,2,6,1,1,4,2,1,1,3,4,999,2,2,2025,1,2,2,2,2,0,2,1,fe64d498,4045
32195.543,46988.51,11052.481,13,1,2,6,1,1,4,1,1,2,2,2,1,3,4,462,2,2,2025,1,2,2,2,2,0,2,3,7b656b1c,4048
63392.934,69873.766,12492.536,13,1,2,4,1,1,1,1,1,2,2,4,1,1,2,825,2,2,2025,1,2,4,2,2,1,2,1,bcaec3fe,4074
41446.832,51573.13,8876.529,13,3,2,6,1,2,10,1,1,3,2,4,1,1,4,999,1,3,2025,1,3,4,2,1,0,3,3,89dddb17,4087
33288.18,43823.3,7942.679,13,1,2,4,2,2,7,1,1,4,2,6,1,1,4,999,2,4,2025,1,4,1,2,1,0,3,1,dcca8c52,4099
86042.016,103639.35,35740.14,6,1,2,2,1,2,8,1,1,3,1,4,1,1,4,999,2,3,2025,1,3,3,3,1,0,4,1,a200f51a,4103
57128.395,64028.72,16577.945,8,1,2,2,1,2,10,1,1,3,1,2,2,1,4,999,99,3,2025,1,3,2,2,2,0,3,1,9093e902,4105
30357.04,37347.805,7364.1177,13,1,5,6,1,2,10,1,1,2,2,4,1,1,1,999,2,2,2025,2,2,3,2,3,0,1,1,04a77a6d,4117
54421.535,57352.95,14688.301,13,1,2,4,1,2,8,1,1,4,2,2,1,1,4,999,2,5,2025,1,5,3,3,1,0,4,1,de8b8b3f,4119
57356.645,69935.375,28291.406,13,1,2,2,1,2,7,1,2,3,2,2,1,1,4,999,3,3,2025,1,3,4,2,1,0,4,1,49abe1cb,4123
18766.242,23251.105,2311.6448,13,1,2,4,2,2,7,2,1,3,2,2,1,1,4,835,2,3,2025,1,3,4,2,2,0,2,1,0248e199,4124
21535.266,28766.057,2044.0135,13,1,2,3,1,1,7,1,1,4,2,2,2,1,4,999,99,4,2025,1,4,5,2,2,0,2,2,b7024041,4124
43450.21,55291.09,10190.289,13,1,2,4,1,2,10,1,1,4,1,4,1,1,4,825,2,2,2025,1,2,4,2,2,0,2,3,4f9190d0,4125
24211.867,37303.098,6528.076,13,1,2,4,1,1,99,1,1,2,1,4,1,1,4,999,2,2,2025,1,2,2,2,1,0,2,1,c3fad524,4131
31197.463,45348.0,10979.457,13,1,2,3,1,2,99,1,1,3,2,4,13,3,4,999,99,3,2025,1,3,2,2,1,0,2,1,2c993e76,4132
50801.387,64071.805,13260.376,13,1,2,5,1,2,2,1,3,2,2,4,1,1,4,999,2,2,2025,1,2,3,2,3,0,3,1,56ac21c1,4151
40932.445,56854.1,19646.945,5,1,3,5,1,2,8,1,2,2,1,9,11,1,4,999,99,2,2025,1,2,4,3,1,0,4,1,69092313,4152
52567.113,61656.53,14526.793,10,1,2,5,1,2,7,1,1,3,2,4,1,1,1,999,2,3,2025,2,3,3,2,1,0,3,1,58eeccbf,4163
62235.426,79762.59,23059.365,13,1,2,4,1,2,1,1,2,4,2,2,1,1,3,999,2,4,2025,1,4,5,3,1,0,4,2,af481a04,4165
46284.42,56479.16,5937.0977,13,6,5,2,1,2,8,1,1,2,2,6,11,3,4,462,99,2,2025,1,2,2,2,2,1,2,3,8fd20115,4166
58193.098,72924.12,15638.574,13,1,2,4,1,1,4,1,1,2,1,9,1,1,4,999,2,2,2025,1,2,3,2,1,0,3,3,8b7b06c0,4209
27969.707,32004.729,2554.0134,13,1,3,4,1,2,8,1,1,4,2,4,11,3,4,999,99,4,2025,1,4,2,2,2,1,3,1,1819c4b3,4209
70639.23,81426.914,23482.422,8,1,2,4,1,2,7,1,2,2,1,3,1,1,4,999,2,2,2025,1,2,3,2,1,0,3,2,b37cad20,4210
49042.777,58147.344,14439.136,13,1,2,4,2,2,7,1,2,4,2,1,1,1,4,999,2,5,2025,1,6,5,3,1,0,3,1,5b93c0f2,4210
20157.438,34595.742,5443.9727,13,1,2,5,1,1,7,1,2,2,2,4,1,1,4,999,2,2,2025,1,2,4,2,1,0,4,1,83fcaeb0,4219
86937.51,105709.06,38597.848,2,1,2,3,1,1,3,1,2,2,1,4,1,1,4,535,99,2,2025,1,2,3,2,1,0,3,2,04121ceb,4221
47490.703,53478.992,8158.2773,13,1,3,4,1,1,2,1,1,4,1,4,1,1,4,999,1,4,2025,1,4,3,2,1,0,2,1,fe825c23,4223
40747.54,62792.293,15320.37,5,1,2,5,2,2,10,1,2,2,2,2,1,2,4,999,2,2,2025,1,2,2,3,1,0,4,2,ccae5cb3,4223
20671.236,26480.906,2985.1255,13,1,2,2,1,2,8,1,1,3,2,6,1,1,4,999,2,4,2025,1,4,1,3,1,0,3,1,b12f6288,4224
74419.74,80020.78,22734.873,10,1,2,4,1,1,1,1,2,3,1,2,1,1,3,933,2,3,2025,1,3,5,2,1,0,2,1,d3c9f9df,4245
31882.85,45407.184,8148.217,13,1,2,5,1,2,2,1,1,2,1,4,11,1,4,999,99,2,2025,1,2,1,2,2,0,2,1,eecabd2d,4249
46818.59,69301.04,19509.064,13,1,5,5,2,2,8,1,2,4,1,4,1,1,4,999,2,5,2025,1,5,3,3,1,0,4,1,a0313e36,4270
51258.58,65512.742,20665.033,4,1,3,3,1,2,1,1,1,4,2,4,1,1,4,933,99,4,2025,1,4,5,2,2,0,2,2,e096bbf3,4272
23253.768,39688.457,5224.043,11,1,3,5,1,1,8,1,2,2,2,4,11,1,4,999,99,2,2025,1,2,1,2,1,0,4,1,5490fb9b,4290
21326.223,42347.46,6225.6694,13,1,2,4,2,1,2,1,2,4,2,9,1,1,1,999,99,4,2025,2,4,3,3,1,0,3,1,e26b0d0b,4299
48359.59,60311.14,12914.412,13,1,5,2,1,1,7,1,2,3,2,4,1,1,4,462,3,5,2025,1,5,5,2,2,0,2,2,c42486ca,4302
75189.9,88213.46,27677.9,11,1,2,5,1,2,6,1,1,2,1,4,1,1,1,535,2,2,2025,2,2,3,2,2,1,3,1,bee30c22,4305
60423.4,70974.41,16398.78,13,1,2,5,1,1,10,1,1,3,2,5,1,1,4,999,2,3,2025,1,3,3,2,3,0,2,1,70713443,4305
22539.113,39534.688,5957.777,13,1,5,4,2,2,8,1,1,2,2,4,1,3,4,999,2,2,2025,1,2,3,2,2,0,4,1,476f2d8b,4306
38307.367,46938.664,8126.993,13,1,2,4,1,1,10,1,2,3,2,2,1,1,1,999,2,3,2025,1,3,4,3,1,0,4,1,3604719a,4310
41859.438,59590.062,10570.267,11,1,2,4,2,1,1,1,1,3,1,4,1,1,4,999,2,3,2025,1,3,5,3,1,0,4,1,9f885de2,4318
52690.156,71356.03,18500.82,5,1,5,5,1,1,7,1,2,3,2,4,2,1,1,999,99,3,2025,1,3,4,2,2,1,2,2,1d40ed34,4319
41380.02,67731.99,23529.203,10,1,2,6,2,2,7,1,1,2,2,6,1,1,1,999,2,2,2025,2,2,2,2,2,0,2,1,0b7deb21,4319
62152.35,90884.83,23433.29,13,1,2,5,2,2,8,1,3,2,1,4,1,1,4,999,3,2,2025,1,2,4,2,3,0,3,1,884fb618,4320
39045.285,60090.434,12605.456,13,1,2,5,1,2,10,1,2,2,2,6,1,1,4,999,1,2,2025,1,2,4,3,1,0,4,1,cf247c67,4320
47546.6,52645.984,11669.577,13,1,2,4,1,2,7,1,1,2,1,4,1,1,4,999,2,2,2025,1,2,4,3,1,0,4,1,b1919bba,4338
51138.004,60973.535,11335.422,13,4,2,5,1,1,10,1,1,2,2,4,1,3,4,999,2,2,2025,1,2,2,3,1,0,4,1,e4475b2e,4339
38277.45,71734.375,17061.662,13,1,2,6,2,2,8,1,2,4,1,2,1,1,4,999,2,4,2025,1,4,5,2,1,0,4,2,f44eca46,4340
49028.36,59421.953,14218.1875,13,1,2,4,1,2,10,1,2,3,1,6,1,1,4,999,2,3,2025,1,3,4,2,2,0,2,1,a11a5544,4343
50318.844,56651.82,12527.696,13,1,2,4,1,2,8,1,1,4,1,9,1,1,4,999,99,2,2025,1,2,4,3,1,0,4,2,46394ce4,4357
73416.91,91086.53,20890.918,13,1,5,5,1,1,1,1,1,2,1,6,1,3,4,535,2,3,2025,1,2,3,2,1,0,3,2,6f47c06a,4359
26804.54,52433.64,11160.675,13,1,2,6,2,2,7,1,2,2,2,9,11,1,4,999,99,3,2025,1,3,1,2,1,0,4,1,78821d76,4366
39688.15,50413.727,9991.815,13,1,2,4,1,1,7,1,1,3,1,4,1,2,4,999,2,3,2025,1,3,2,2,1,0,2,1,aed7e1cc,4370
47180.777,58660.176,5956.2974,5,1,2,2,1,2,7,1,1,2,1,2,1,1,4,462,3,2,2025,1,2,2,2,2,0,2,1,cad46903,4372
42296.227,53769.395,9425.8545,13,1,4,4,1,2,8,1,2,2,2,4,1,1,4,999,2,2,2025,1,2,4,2,1,0,4,1,080d4d4a,4400
22139.768,43203.082,6675.942,13,1,2,2,2,1,7,1,1,2,2,4,1,1,4,999,2,2,2025,1,2,3,3,1,0,4,1,ba92bf4b,4415
50227.26,64359.684,19906.062,13,1,2,2,1,2,7,1,2,3,2,4,1,3,4,462,2,3,2025,1,3,2,2,2,1,2,1,dab15bfc,4418
46126.445,68415.13,14051.703,10,1,2,2,1,2,99,1,2,3,1,4,1,1,1,999,2,3,2025,1,3,3,2,3,0,1,1,ab441ba9,4423
56071.543,79245.71,20313.537,13,1,2,4,2,2,8,1,2,2,2,2,1,1,4,825,3,2,2025,1,2,4,3,1,0,4,1,a5428a72,4429
41927.28,56022.305,9218.036,3,1,2,4,1,1,7,1,2,4,1,4,1,1,4,825,2,4,2025,1,4,4,2,1,0,3,1,48b32c18,4446
38414.895,49044.133,10764.966,13,1,2,4,1,1,7,1,1,3,2,4,1,2,4,999,2,3,2025,1,3,2,2,1,0,4,1,932b192e,4447
29708.764,41150.375,4751.663,13,3,2,1,1,2,99,1,1,2,1,4,1,1,4,999,99,2,2025,1,2,4,2,2,0,2,1,271bbe35,4452
21475.537,28743.43,3505.1492,13,1,2,5,1,2,7,1,1,2,2,4,1,2,4,999,2,2,2025,1,2,2,2,1,0,4,3,6c700c7b,4455
35844.125,46675.395,7073.915,13,1,2,2,1,2,10,1,2,4,1,2,11,1,1,999,99,4,2025,2,4,4,2,3,1,2,1,d6bc36f3,4470
36676.09,55022.355,12136.121,13,1,2,3,1,2,9,1,2,2,1,5,1,2,4,999,2,2,2025,1,2,2,2,1,0,3,3,2eb46951,4471
35911.152,51021.793,8472.15,13,1,2,2,1,1,2,1,2,2,1,4,1,1,4,999,2,2,2025,1,2,1,2,1,0,3,2,7fb12771,4489
20442.436,44394.38,6221.1426,5,2,2,5,1,1,2,1,3,2,1,4,2,1,4,999,99,2,2025,1,2,3,2,1,0,2,1,76118ec4,4494
48281.902,62506.06,13422.248,8,1,3,5,1,2,8,1,1,4,1,2,1,1,4,462,2,4,2025,1,4,2,3,2,0,4,1,1ae97528,4495
27228.6,51448.445,11563.456,13,1,5,5,2,2,7,1,2,2,1,4,1,3,4,999,3,2,2025,1,2,5,2,1,0,3,2,d9ac560f,4524
42397.445,50209.785,13333.368,13,1,2,4,1,1,8,1,1,2,2,2,1,2,4,462,2,2,2025,1,2,2,2,3,1,2,2,e9d13863,4526
40196.184,46684.87,8199.416,13,1,3,4,1,2,8,1,1,5,1,4,2,1,4,999,2,2,2025,1,2,4,3,1,0,4,2,2e632e2c,4527
32998.234,51140.977,9564.73,13,1,2,2,2,2,7,2,1,3,1,4,1,3,1,999,1,3,2025,3,3,2,2,3,1,1,1,0b2d129b,4541
23983.016,29536.582,5222.433,13,1,3,5,2,1,8,1,1,2,1,4,1,1,1,999,2,3,2025,3,2,3,1,3,0,2,1,3fa6152f,4542
61834.74,68329.66,10837.545,13,1,2,4,1,2,8,1,2,3,2,2,1,1,3,933,2,3,2025,1,3,5,3,1,0,4,1,9c6423a1,4543
39737.035,45438.965,6116.3804,13,3,2,4,1,2,10,1,1,3,2,4,11,3,4,999,3,3,2025,1,3,1,3,1,0,4,3,bbd79fa0,4553
46976.2,64812.848,17326.922,13,1,3,4,2,2,1,1,1,2,2,4,1,3,4,999,2,2,2025,1,2,2,2,1,0,3,1,bc819ff4,4590
47206.24,62316.207,12077.047,13,1,2,5,1,1,7,1,2,2,1,9,11,1,4,999,99,3,2025,1,2,5,3,1,0,3,1,07bb3f02,4599
47895.52,56750.832,13150.186,13,1,3,3,1,2,8,1,1,4,2,2,1,1,4,999,2,4,2025,1,4,5,2,2,0,2,1,9172f740,4602
54452.223,68182.836,14926.963,2,2,2,6,1,2,8,1,1,2,1,4,1,1,4,999,2,2,2025,1,2,2,1,2,0,2,1,1b56e392,4603
57236.18,78467.54,26182.125,8,1,2,5,1,1,1,1,2,2,2,6,1,3,4,999,3,2,2025,1,2,2,3,1,0,4,2,b5d9acea,4607
25950.178,36531.598,5545.7417,11,1,2,5,1,1,99,1,1,2,1,9,1,2,4,999,2,2,2025,1,2,2,2,2,0,3,3,f0a9be85,4609
39359.08,53516.555,10682.382,13,1,2,2,1,1,8,1,2,4,1,4,11,1,4,999,3,4,2025,1,4,1,3,1,0,4,2,a396001d,4614
27493.006,42502.496,6353.811,11,1,2,2,1,2,8,1,2,5,1,9,11,2,4,999,99,2,2025,1,2,2,2,1,0,2,1,4c41adb9,4616
45070.8,58426.164,11900.054,13,1,3,4,1,2,8,1,1,2,1,4,1,1,4,999,2,2,2025,1,2,3,2,1,0,3,1,03cde0cb,4618
58214.812,69121.5,20084.814,13,1,3,2,1,2,2,1,2,2,1,4,1,3,1,462,2,2,2025,2,2,2,2,2,1,2,1,608e66d7,4644
68131.34,81436.33,20609.305,5,1,2,4,1,2,8,1,1,2,2,2,1,1,4,999,2,2,2025,1,2,5,2,1,0,4,2,a61b7fd9,4656
41898.188,53897.566,10681.99,13,1,2,4,2,2,8,1,2,2,2,4,1,1,4,999,3,2,2025,1,2,5,3,1,0,3,1,f58bbbfa,4667
33536.055,46653.55,10345.018,13,1,5,6,2,1,6,1,1,4,2,4,1,1,2,999,2,4,2025,1,4,4,2,2,0,2,3,16c5915e,4668
28856.541,43253.965,5302.0386,6,1,2,3,1,2,99,1,2,2,1,6,1,1,4,999,99,2,2025,1,2,4,2,3,0,2,1,593f88de,4671
62561.836,79153.47,26189.56,8,1,2,4,1,2,10,1,1,2,1,2,1,1,4,825,3,2,2025,1,2,4,2,2,0,2,1,1e63c0c6,4673
37642.707,43309.785,3907.0889,13,1,2,5,1,2,7,1,1,2,1,4,1,3,4,999,2,2,2025,1,2,3,2,3,0,2,1,f5f44af1,4676
22794.633,32830.44,3840.004,13,4,2,6,3,2,8,1,1,2,2,6,1,1,4,999,1,3,2025,1,3,4,3,1,0,3,3,ab00ca32,4684
41855.953,54948.492,10879.76,5,1,2,4,1,2,7,1,2,2,1,4,1,1,4,999,2,2,2025,1,2,4,2,1,0,2,1,27ea78e4,4689
60206.656,77638.36,20005.986,13,1,2,3,1,2,10,1,2,2,2,6,1,1,1,999,2,2,2025,1,2,3,2,1,0,3,1,89c7c3d5,4709
37338.426,47821.914,9352.916,10,1,2,3,1,2,10,1,1,4,1,9,11,1,4,999,99,4,2025,1,4,3,3,1,0,3,2,5b72aa6f,4710
41021.633,58359.543,10456.897,13,1,3,5,1,1,7,1,1,2,2,4,1,1,4,933,99,3,2025,1,3,5,2,2,0,3,2,6f02100b,4740
37484.434,48723.8,8262.089,13,1,2,3,1,2,8,1,2,2,2,2,1,1,4,999,2,2,2025,1,2,4,3,1,0,3,1,4e657fa9,4740
40516.37,51348.043,11896.918,13,1,4,3,1,2,7,1,2,2,2,2,1,1,1,535,2,2,2025,3,2,3,3,1,0,4,1,7cddc971,4741
51550.145,55104.98,9996.129,13,1,2,3,1,1,2,1,2,2,1,4,1,1,4,999,1,2,2025,1,2,5,1,2,0,2,1,ac9b9f1d,4753
44890.797,59782.43,10255.791,13,1,3,5,1,1,9,1,2,2,2,4,1,1,4,999,2,2,2025,1,2,3,3,1,0,4,2,1f8c0834,4753
50244.785,72278.516,20991.35,5,1,3,4,1,1,7,1,2,4,1,4,1,3,4,999,2,4,2025,1,4,2,2,2,0,3,1,75ff73e3,4754
53854.637,61774.543,14223.591,4,1,2,4,1,1,4,1,1,3,2,4,1,3,1,999,3,4,2025,2,4,3,3,1,0,4,3,a11f9e39,4756
40411.344,51875.938,10670.128,13,1,2,2,2,2,9,2,2,3,1,2,1,2,4,999,2,3,2025,1,3,1,2,1,0,3,2,48e09142,4758
58618.918,68499.414,18614.695,13,1,2,3,1,2,2,1,2,2,1,6,1,1,4,999,2,2,2025,1,2,4,3,1,0,4,3,b35c2665,4759
21326.223,42347.46,6225.6694,13,1,2,4,2,1,2,1,2,4,2,9,1,1,1,999,99,4,2025,2,4,3,3,1,0,3,1,cfc24b1a,4760
47445.926,53492.6,8366.208,13,1,2,4,1,2,99,1,2,3,1,6,1,1,1,999,2,3,2025,2,3,3,2,3,0,3,2,bf089f38,4763
52177.676,69149.49,15230.73,13,1,3,3,1,1,1,1,2,2,2,9,11,3,1,999,99,2,2025,2,2,3,3,1,0,4,1,46410c89,4774
57356.645,69935.375,28291.406,13,1,2,2,1,2,7,1,2,3,2,2,1,1,4,999,3,3,2025,1,3,4,2,1,0,4,1,635bf6a1,4775
79589.875,99321.92,39582.504,2,1,2,4,1,2,7,1,2,3,1,2,1,1,4,535,99,3,2025,1,3,3,3,1,0,3,2,c1ceb538,4785
33159.348,51912.633,9729.675,3,1,2,5,1,2,8,1,2,4,1,4,1,3,4,462,2,4,2025,1,4,2,2,2,0,2,1,1b7430b5,4787
32195.543,46988.51,11052.481,13,1,2,6,1,1,4,1,1,2,2,2,1,3,4,462,2,2,2025,1,2,2,2,2,0,2,3,173eb636,4787
40636.24,50898.74,8476.397,9,1,2,4,1,2,7,1,1,4,2,2,1,1,4,999,3,5,2025,1,5,3,2,3,0,4,1,9a7f39b5,4788
41003.254,49901.0,7858.66,13,6,3,3,1,1,7,1,1,3,1,4,1,2,4,462,2,3,2025,1,3,2,3,2,0,3,1,1ff36459,4790
63003.215,75368.5,21963.764,13,1,2,5,1,2,7,1,2,2,1,1,1,1,4,999,2,3,2025,1,3,2,2,1,0,4,2,f676f766,4796
