run_id	split	result_md5	n_flats
ES-MAD-BERRUGUETE_05e17b2bf818153b_b0_0	b0_dev	2e0f41f36d9eb3e7674f0e5ff8da1d9b	2
ES-MAD-BERRUGUETE_05e17b2bf818153b_def_0	default_dev	48ea745fd99868f88760723ef03685be	2
ES-MAD-BERRUGUETE_05e17b2bf818153b_dev_1	development	1a9179975486f9271f5cb23a78c99ef0	2
ES-MAD-BERRUGUETE_05e17b2bf818153b_dev_2	development	589c26e0971f9c909248595602aa3a53	2
ES-MAD-BERRUGUETE_05e17b2bf818153b_dev_3	development	55726be86e7e3b082aaa62c09c9d03d4	2
ES-MAD-BERRUGUETE_05e17b2bf818153b_val_1	xdev_hval	744a06f51e4349aeff0ab25ca134a2a7	2
ES-MAD-BERRUGUETE_05e17b2bf818153b_val_2	xdev_hval	9038767427a09986eed9813b903b008d	2
ES-MAD-BERRUGUETE_0b6eaecde1077a30_b0_0	b0_val	627add70e68194e46942fc51ba06d6c4	6
ES-MAD-BERRUGUETE_0b6eaecde1077a30_def_0	default_val	b9082dd77505cde3aa3c9a9164b60a0b	6
ES-MAD-BERRUGUETE_0b6eaecde1077a30_dev_1	xval_hdev	5e7777870bbb6ef6dcaa5bdeccaf40df	6
ES-MAD-BERRUGUETE_0b6eaecde1077a30_dev_2	xval_hdev	ca8d9ffa1fd4a3d64c39d23b00784062	6
ES-MAD-BERRUGUETE_0b6eaecde1077a30_val_1	validation	54fe5f618828d3a0a90141e39e57b7bf	6
ES-MAD-BERRUGUETE_0b6eaecde1077a30_val_2	validation	d0ade0f188f4174197d35d860cd14f45	6
