kind	run_id	path
status	ES-MAD-BERRUGUETE_05e17b2bf818153b_b0_0	../../Step9_docs/impl/wp9n/smoke_copy/results\ES-MAD-BERRUGUETE_05e17b2bf818153b_b0_0.json
status	ES-MAD-BERRUGUETE_05e17b2bf818153b_def_0	../../Step9_docs/impl/wp9n/smoke_copy/results\ES-MAD-BERRUGUETE_05e17b2bf818153b_def_0.json
status	ES-MAD-BERRUGUETE_05e17b2bf818153b_dev_1	../../Step9_docs/impl/wp9n/smoke_copy/results\ES-MAD-BERRUGUETE_05e17b2bf818153b_dev_1.json
status	ES-MAD-BERRUGUETE_05e17b2bf818153b_dev_2	../../Step9_docs/impl/wp9n/smoke_copy/results\ES-MAD-BERRUGUETE_05e17b2bf818153b_dev_2.json
status	ES-MAD-BERRUGUETE_05e17b2bf818153b_dev_3	../../Step9_docs/impl/wp9n/smoke_copy/results\ES-MAD-BERRUGUETE_05e17b2bf818153b_dev_3.json
status	ES-MAD-BERRUGUETE_05e17b2bf818153b_val_1	../../Step9_docs/impl/wp9n/smoke_copy/results\ES-MAD-BERRUGUETE_05e17b2bf818153b_val_1.json
status	ES-MAD-BERRUGUETE_05e17b2bf818153b_val_2	../../Step9_docs/impl/wp9n/smoke_copy/results\ES-MAD-BERRUGUETE_05e17b2bf818153b_val_2.json
status	ES-MAD-BERRUGUETE_0b6eaecde1077a30_b0_0	../../Step9_docs/impl/wp9n/smoke_copy/results\ES-MAD-BERRUGUETE_0b6eaecde1077a30_b0_0.json
status	ES-MAD-BERRUGUETE_0b6eaecde1077a30_def_0	../../Step9_docs/impl/wp9n/smoke_copy/results\ES-MAD-BERRUGUETE_0b6eaecde1077a30_def_0.json
status	ES-MAD-BERRUGUETE_0b6eaecde1077a30_dev_1	../../Step9_docs/impl/wp9n/smoke_copy/results\ES-MAD-BERRUGUETE_0b6eaecde1077a30_dev_1.json
status	ES-MAD-BERRUGUETE_0b6eaecde1077a30_dev_2	../../Step9_docs/impl/wp9n/smoke_copy/results\ES-MAD-BERRUGUETE_0b6eaecde1077a30_dev_2.json
status	ES-MAD-BERRUGUETE_0b6eaecde1077a30_val_1	../../Step9_docs/impl/wp9n/smoke_copy/results\ES-MAD-BERRUGUETE_0b6eaecde1077a30_val_1.json
status	ES-MAD-BERRUGUETE_0b6eaecde1077a30_val_2	../../Step9_docs/impl/wp9n/smoke_copy/results\ES-MAD-BERRUGUETE_0b6eaecde1077a30_val_2.json
status	ES-MAD-BERRUGUETE_1271cddbf6bd1e8a_b0_0	../../Step9_docs/impl/wp9n/smoke_copy/results\ES-MAD-BERRUGUETE_1271cddbf6bd1e8a_b0_0.json
status	ES-MAD-BERRUGUETE_1271cddbf6bd1e8a_def_0	../../Step9_docs/impl/wp9n/smoke_copy/results\ES-MAD-BERRUGUETE_1271cddbf6bd1e8a_def_0.json
status	ES-MAD-BERRUGUETE_1271cddbf6bd1e8a_dev_1	../../Step9_docs/impl/wp9n/smoke_copy/results\ES-MAD-BERRUGUETE_1271cddbf6bd1e8a_dev_1.json
status	ES-MAD-BERRUGUETE_1271cddbf6bd1e8a_dev_2	../../Step9_docs/impl/wp9n/smoke_copy/results\ES-MAD-BERRUGUETE_1271cddbf6bd1e8a_dev_2.json
status	ES-MAD-BERRUGUETE_1271cddbf6bd1e8a_val_1	../../Step9_docs/impl/wp9n/smoke_copy/results\ES-MAD-BERRUGUETE_1271cddbf6bd1e8a_val_1.json
status	ES-MAD-BERRUGUETE_1271cddbf6bd1e8a_val_2	../../Step9_docs/impl/wp9n/smoke_copy/results\ES-MAD-BERRUGUETE_1271cddbf6bd1e8a_val_2.json
status	ES-MAD-BERRUGUETE_394922138a6b5928_b0_0	../../Step9_docs/impl/wp9n/smoke_copy/results\ES-MAD-BERRUGUETE_394922138a6b5928_b0_0.json
status	ES-MAD-BERRUGUETE_394922138a6b5928_def_0	../../Step9_docs/impl/wp9n/smoke_copy/results\ES-MAD-BERRUGUETE_394922138a6b5928_def_0.json
status	ES-MAD-BERRUGUETE_394922138a6b5928_dev_1	../../Step9_docs/impl/wp9n/smoke_copy/results\ES-MAD-BERRUGUETE_394922138a6b5928_dev_1.json
status	ES-MAD-BERRUGUETE_394922138a6b5928_dev_2	../../Step9_docs/impl/wp9n/smoke_copy/results\ES-MAD-BERRUGUETE_394922138a6b5928_dev_2.json
status	ES-MAD-BERRUGUETE_394922138a6b5928_dev_3	../../Step9_docs/impl/wp9n/smoke_copy/results\ES-MAD-BERRUGUETE_394922138a6b5928_dev_3.json
status	ES-MAD-BERRUGUETE_394922138a6b5928_val_1	../../Step9_docs/impl/wp9n/smoke_copy/results\ES-MAD-BERRUGUETE_394922138a6b5928_val_1.json
status	ES-MAD-BERRUGUETE_394922138a6b5928_val_2	../../Step9_docs/impl/wp9n/smoke_copy/results\ES-MAD-BERRUGUETE_394922138a6b5928_val_2.json
npz	ES-MAD-BERRUGUETE_05e17b2bf818153b_b0_0	../../Step9_docs/impl/wp9n/smoke_copy/results/ES-MAD-BERRUGUETE_05e17b2bf818153b_b0_0.npz
placement	ES-MAD-BERRUGUETE_05e17b2bf818153b_b0_0	../../Step9_docs/impl/wp9n/smoke_copy/runs/ES-MAD-BERRUGUETE_05e17b2bf818153b_b0_0/placement.csv
series	ES-MAD-BERRUGUETE_05e17b2bf818153b_b0_0	../../Step9_docs/impl/wp9n/smoke_copy/runs/ES-MAD-BERRUGUETE_05e17b2bf818153b_b0_0/series.tar.gz
npz	ES-MAD-BERRUGUETE_05e17b2bf818153b_def_0	../../Step9_docs/impl/wp9n/smoke_copy/results/ES-MAD-BERRUGUETE_05e17b2bf818153b_def_0.npz
npz	ES-MAD-BERRUGUETE_05e17b2bf818153b_dev_1	../../Step9_docs/impl/wp9n/smoke_copy/results/ES-MAD-BERRUGUETE_05e17b2bf818153b_dev_1.npz
placement	ES-MAD-BERRUGUETE_05e17b2bf818153b_dev_1	../../Step9_docs/impl/wp9n/smoke_copy/runs/ES-MAD-BERRUGUETE_05e17b2bf818153b_dev_1/placement.csv
series	ES-MAD-BERRUGUETE_05e17b2bf818153b_dev_1	../../Step9_docs/impl/wp9n/smoke_copy/runs/ES-MAD-BERRUGUETE_05e17b2bf818153b_dev_1/series.tar.gz
npz	ES-MAD-BERRUGUETE_05e17b2bf818153b_dev_2	../../Step9_docs/impl/wp9n/smoke_copy/results/ES-MAD-BERRUGUETE_05e17b2bf818153b_dev_2.npz
placement	ES-MAD-BERRUGUETE_05e17b2bf818153b_dev_2	../../Step9_docs/impl/wp9n/smoke_copy/runs/ES-MAD-BERRUGUETE_05e17b2bf818153b_dev_2/placement.csv
series	ES-MAD-BERRUGUETE_05e17b2bf818153b_dev_2	../../Step9_docs/impl/wp9n/smoke_copy/runs/ES-MAD-BERRUGUETE_05e17b2bf818153b_dev_2/series.tar.gz
npz	ES-MAD-BERRUGUETE_05e17b2bf818153b_dev_3	../../Step9_docs/impl/wp9n/smoke_copy/results/ES-MAD-BERRUGUETE_05e17b2bf818153b_dev_3.npz
placement	ES-MAD-BERRUGUETE_05e17b2bf818153b_dev_3	../../Step9_docs/impl/wp9n/smoke_copy/runs/ES-MAD-BERRUGUETE_05e17b2bf818153b_dev_3/placement.csv
series	ES-MAD-BERRUGUETE_05e17b2bf818153b_dev_3	../../Step9_docs/impl/wp9n/smoke_copy/runs/ES-MAD-BERRUGUETE_05e17b2bf818153b_dev_3/series.tar.gz
npz	ES-MAD-BERRUGUETE_05e17b2bf818153b_val_1	../../Step9_docs/impl/wp9n/smoke_copy/results/ES-MAD-BERRUGUETE_05e17b2bf818153b_val_1.npz
placement	ES-MAD-BERRUGUETE_05e17b2bf818153b_val_1	../../Step9_docs/impl/wp9n/smoke_copy/runs/ES-MAD-BERRUGUETE_05e17b2bf818153b_val_1/placement.csv
series	ES-MAD-BERRUGUETE_05e17b2bf818153b_val_1	../../Step9_docs/impl/wp9n/smoke_copy/runs/ES-MAD-BERRUGUETE_05e17b2bf818153b_val_1/series.tar.gz
npz	ES-MAD-BERRUGUETE_05e17b2bf818153b_val_2	../../Step9_docs/impl/wp9n/smoke_copy/results/ES-MAD-BERRUGUETE_05e17b2bf818153b_val_2.npz
placement	ES-MAD-BERRUGUETE_05e17b2bf818153b_val_2	../../Step9_docs/impl/wp9n/smoke_copy/runs/ES-MAD-BERRUGUETE_05e17b2bf818153b_val_2/placement.csv
series	ES-MAD-BERRUGUETE_05e17b2bf818153b_val_2	../../Step9_docs/impl/wp9n/smoke_copy/runs/ES-MAD-BERRUGUETE_05e17b2bf818153b_val_2/series.tar.gz
npz	ES-MAD-BERRUGUETE_0b6eaecde1077a30_b0_0	../../Step9_docs/impl/wp9n/smoke_copy/results/ES-MAD-BERRUGUETE_0b6eaecde1077a30_b0_0.npz
placement	ES-MAD-BERRUGUETE_0b6eaecde1077a30_b0_0	../../Step9_docs/impl/wp9n/smoke_copy/runs/ES-MAD-BERRUGUETE_0b6eaecde1077a30_b0_0/placement.csv
series	ES-MAD-BERRUGUETE_0b6eaecde1077a30_b0_0	../../Step9_docs/impl/wp9n/smoke_copy/runs/ES-MAD-BERRUGUETE_0b6eaecde1077a30_b0_0/series.tar.gz
npz	ES-MAD-BERRUGUETE_0b6eaecde1077a30_def_0	../../Step9_docs/impl/wp9n/smoke_copy/results/ES-MAD-BERRUGUETE_0b6eaecde1077a30_def_0.npz
npz	ES-MAD-BERRUGUETE_0b6eaecde1077a30_dev_1	../../Step9_docs/impl/wp9n/smoke_copy/results/ES-MAD-BERRUGUETE_0b6eaecde1077a30_dev_1.npz
placement	ES-MAD-BERRUGUETE_0b6eaecde1077a30_dev_1	../../Step9_docs/impl/wp9n/smoke_copy/runs/ES-MAD-BERRUGUETE_0b6eaecde1077a30_dev_1/placement.csv
series	ES-MAD-BERRUGUETE_0b6eaecde1077a30_dev_1	../../Step9_docs/impl/wp9n/smoke_copy/runs/ES-MAD-BERRUGUETE_0b6eaecde1077a30_dev_1/series.tar.gz
npz	ES-MAD-BERRUGUETE_0b6eaecde1077a30_dev_2	../../Step9_docs/impl/wp9n/smoke_copy/results/ES-MAD-BERRUGUETE_0b6eaecde1077a30_dev_2.npz
placement	ES-MAD-BERRUGUETE_0b6eaecde1077a30_dev_2	../../Step9_docs/impl/wp9n/smoke_copy/runs/ES-MAD-BERRUGUETE_0b6eaecde1077a30_dev_2/placement.csv
series	ES-MAD-BERRUGUETE_0b6eaecde1077a30_dev_2	../../Step9_docs/impl/wp9n/smoke_copy/runs/ES-MAD-BERRUGUETE_0b6eaecde1077a30_dev_2/series.tar.gz
npz	ES-MAD-BERRUGUETE_0b6eaecde1077a30_val_1	../../Step9_docs/impl/wp9n/smoke_copy/results/ES-MAD-BERRUGUETE_0b6eaecde1077a30_val_1.npz
placement	ES-MAD-BERRUGUETE_0b6eaecde1077a30_val_1	../../Step9_docs/impl/wp9n/smoke_copy/runs/ES-MAD-BERRUGUETE_0b6eaecde1077a30_val_1/placement.csv
series	ES-MAD-BERRUGUETE_0b6eaecde1077a30_val_1	../../Step9_docs/impl/wp9n/smoke_copy/runs/ES-MAD-BERRUGUETE_0b6eaecde1077a30_val_1/series.tar.gz
npz	ES-MAD-BERRUGUETE_0b6eaecde1077a30_val_2	../../Step9_docs/impl/wp9n/smoke_copy/results/ES-MAD-BERRUGUETE_0b6eaecde1077a30_val_2.npz
placement	ES-MAD-BERRUGUETE_0b6eaecde1077a30_val_2	../../Step9_docs/impl/wp9n/smoke_copy/runs/ES-MAD-BERRUGUETE_0b6eaecde1077a30_val_2/placement.csv
series	ES-MAD-BERRUGUETE_0b6eaecde1077a30_val_2	../../Step9_docs/impl/wp9n/smoke_copy/runs/ES-MAD-BERRUGUETE_0b6eaecde1077a30_val_2/series.tar.gz
recheck	ES-MAD-BERRUGUETE_05e17b2bf818153b_b0_0	../../Step9_docs/impl/wp9n/smoke_copy/results/ES-MAD-BERRUGUETE_05e17b2bf818153b_b0_0.npz
