EMPIN,TOTINC,INCTAX,POWST,CIP,HRSWRK,CFSTAT,GENSTAT,LFTAG,CF_RP,COW,YEAR,ATTSCH,KOL,AGEGRP,CMA,MARSTH,NOCS,CITIZEN,PR,HHSIZE,SEX,CFSIZE,MODE,EFSIZE,REPAIR,ROOM,CONDO,BEDRM,DTYPE,PID,SIM_HH_ID
38134.465,42655.72,2451.1655,4,4,2,5,1,1,3,1,2025,1,3,2,462,1,5,2,2,1,1,1,4,1,1,2,0,2,2,94842226,145
40134.465,59655.72,10451.166,2,13,99,5,4,2,3,1,2025,1,1,4,462,1,8,1,2,1,2,1,2,1,1,2,1,1,2,31452985,146
32134.465,54655.72,3451.1655,4,10,2,5,4,1,3,1,2025,1,1,4,999,1,7,1,5,1,1,1,3,1,1,2,0,2,2,b1ad9ace,150
35134.465,42655.72,4451.1655,4,3,2,5,1,1,3,1,2025,1,1,4,999,1,5,3,1,1,2,1,2,1,1,2,0,2,2,0fdf5172,153
68134.47,98655.72,19451.166,4,13,2,5,4,1,3,1,2025,1,1,4,835,3,2,1,4,1,1,1,2,1,2,3,0,2,1,b72e2983,156
36134.465,59655.72,8451.166,2,13,2,5,4,1,3,1,2025,1,1,3,999,3,8,1,3,1,2,1,2,1,1,2,1,1,2,0205d4b0,161
52134.465,65655.72,6451.1655,4,2,2,3,2,1,2,1,2025,1,1,2,535,1,5,1,3,1,1,4,2,4,1,4,0,3,1,0bb63b2d,162
39134.465,40655.72,4451.1655,2,13,2,5,4,1,3,1,2025,1,1,3,933,1,8,1,5,1,2,3,2,1,1,1,1,1,2,f7c3684a,166
46134.465,73655.72,11451.166,2,8,2,5,1,1,3,1,2025,1,1,4,825,3,7,1,4,1,2,1,2,1,1,1,1,2,2,b78b565f,175
10134.466,20655.719,2451.1655,4,13,2,5,4,1,3,1,2025,1,2,1,999,1,8,1,2,1,2,1,2,1,1,1,0,1,2,e068494d,176
76134.47,84655.72,17451.166,4,8,2,5,3,1,3,1,2025,1,1,3,825,1,8,1,4,1,2,1,2,1,1,3,0,2,1,83f5a789,177
71134.47,82655.72,13451.166,4,13,3,5,4,1,3,1,2025,1,1,4,999,3,9,1,1,1,2,1,2,1,1,3,0,2,2,c6236ea1,179
37134.465,54655.72,6451.1655,5,11,2,5,1,1,3,1,2025,2,4,4,535,3,7,2,3,1,1,1,2,1,1,2,0,2,3,3db0eb57,181
48134.465,75655.72,14451.166,4,8,2,5,1,1,3,1,2025,1,1,3,535,3,7,2,3,1,2,1,2,1,1,2,0,2,1,f82a640f,182
85134.47,103655.72,14451.166,6,5,2,2,2,1,1,1,2025,1,1,4,535,3,10,1,3,1,1,3,2,3,2,1,0,2,2,ed51a0c3,186
45134.465,54655.72,8451.166,4,13,2,5,4,1,3,1,2025,1,1,5,462,1,7,1,2,1,2,1,2,1,1,2,0,3,1,9e080910,188
21134.465,23655.719,2451.1655,5,13,2,3,4,1,2,1,2025,1,1,1,999,1,8,1,3,1,2,1,2,1,1,2,0,2,1,530f857f,192
88134.47,102655.72,19451.166,6,10,2,5,1,1,3,1,2025,2,3,4,462,3,5,2,2,1,1,1,2,1,1,2,0,2,3,1c759c62,240
62134.465,67655.72,11451.166,6,4,2,5,4,1,3,1,2025,1,1,3,999,1,7,1,3,1,1,1,2,1,1,3,0,2,2,a473231a,241
57134.465,70655.72,11451.166,4,13,2,5,4,1,3,1,2025,1,3,2,999,1,8,1,3,1,2,1,4,1,2,3,0,2,1,38d26b25,244
109134.47,124655.72,29451.166,5,8,2,5,1,1,3,1,2025,1,1,5,825,3,3,2,4,1,2,1,2,1,1,2,0,2,1,ab7f2d64,246
37134.465,52655.72,7451.1655,4,13,1,5,4,1,3,1,2025,1,1,5,535,1,2,1,3,1,2,1,4,1,1,2,0,2,2,271c5cb7,247
27134.465,33655.72,3451.1655,4,4,1,3,4,1,2,1,2025,2,1,2,825,1,7,1,4,1,2,4,3,1,1,4,0,2,1,853c2c14,251
66134.47,99655.72,19451.166,4,13,3,5,2,1,3,2,2025,1,1,4,999,3,2,1,5,1,2,1,2,1,2,3,0,3,1,18e2bec5,253
29134.465,48655.72,2451.1655,4,13,2,2,3,1,3,1,2025,2,1,3,999,3,4,1,3,1,1,1,2,1,1,1,0,1,2,b42dade5,254
45134.465,43655.72,4451.1655,5,13,2,5,4,1,3,1,2025,1,1,4,933,1,8,1,5,1,2,1,2,1,2,2,0,2,1,a8a73c3d,255
57134.465,76655.72,10451.166,2,11,99,5,4,2,3,1,2025,1,3,2,462,1,7,1,2,1,1,1,3,1,1,4,0,2,1,d39e41f5,257
43134.465,49655.72,6451.1655,4,13,2,5,1,1,3,1,2025,1,1,4,999,1,8,3,3,1,2,1,2,1,1,2,0,2,1,271d042f,258
25134.465,32655.719,2451.1655,6,10,2,5,4,1,3,1,2025,2,1,1,999,1,10,1,1,1,1,1,2,1,1,4,0,3,1,074a0ae8,263
52134.465,100655.72,17451.166,4,4,99,5,4,2,3,1,2025,1,1,7,835,3,7,1,4,1,1,1,4,1,2,4,0,3,1,d5ed1fe6,264
59134.465,66655.72,9451.166,6,5,2,5,3,1,3,1,2025,1,3,1,462,1,7,1,2,1,2,1,2,1,3,2,0,2,3,697d3ac8,265
74134.47,85655.72,18451.166,5,10,2,5,1,1,3,1,2025,1,1,2,933,1,5,3,5,1,2,1,2,1,2,4,0,3,1,d69e600b,266
49134.465,63655.72,8451.166,4,13,2,5,4,1,3,1,2025,1,3,5,999,1,7,1,3,1,1,1,4,1,1,4,0,3,1,ea0461fc,272
65134.465,79655.72,17451.166,4,5,2,5,4,1,3,1,2025,1,1,2,999,1,2,1,4,1,2,1,5,1,1,3,0,2,1,15fe70c4,279
54134.465,89655.72,12451.166,6,10,1,5,4,1,1,2,2025,1,3,3,462,2,4,1,2,1,1,4,2,4,2,1,1,2,2,addce855,284
26134.465,38655.72,2452.1655,4,13,2,5,1,1,3,1,2025,1,2,5,999,3,7,2,2,1,1,1,3,1,1,2,0,1,2,e2cf9077,285
67134.47,82655.72,18451.166,7,5,2,5,4,1,3,1,2025,1,1,3,999,1,2,1,1,1,2,1,2,1,1,2,0,2,2,db19ed66,286
56134.465,78655.72,11451.166,4,10,2,5,4,1,3,1,2025,1,1,4,999,1,4,1,3,1,1,1,2,1,1,3,0,3,1,569819a6,287
40134.465,55655.72,8451.166,4,8,99,5,4,2,3,1,2025,1,1,2,835,1,8,1,4,1,2,1,3,1,1,1,0,1,2,53b407b8,289
58134.465,66655.72,16451.166,2,8,2,5,4,1,3,1,2025,1,3,2,462,1,8,1,2,1,2,1,2,1,1,4,0,3,1,bad48d10,294
29134.465,47655.72,2452.1655,4,13,2,5,4,1,3,1,2025,1,1,5,933,3,8,1,5,1,1,1,2,1,1,1,0,1,2,cd76f0de,298
9134.466,34655.72,3451.1655,4,13,1,5,1,1,3,2,2025,1,1,6,535,3,7,2,3,1,2,1,2,1,2,4,0,2,1,a601f41a,301
44134.465,76655.72,12451.166,4,5,2,5,4,1,3,2,2025,1,1,4,999,1,2,1,5,1,2,1,2,1,1,2,0,2,1,12893e32,307
74134.47,79655.72,15451.166,5,8,2,5,4,1,3,1,2025,1,2,4,999,2,10,1,2,1,2,1,2,1,2,4,0,3,1,70ac5f4d,311
45134.465,47655.72,4451.1655,5,5,2,6,1,1,3,1,2025,1,1,4,933,3,2,2,5,1,1,1,2,1,1,1,0,1,2,9397810c,313
48134.465,50655.72,7451.1655,5,13,2,5,1,1,3,1,2025,1,1,2,825,1,10,3,4,1,2,1,2,1,2,3,0,2,1,de6ecf14,314
22134.465,48655.72,3451.1655,4,13,1,5,4,1,3,1,2025,1,1,6,999,3,7,1,4,1,1,1,3,1,1,3,0,2,3,2d591c36,317
33134.465,57655.72,2451.1655,2,11,99,5,1,2,3,1,2025,1,3,3,462,3,8,2,2,1,2,1,2,1,1,1,0,1,2,e7dcf446,318
67134.47,72655.72,13451.166,6,8,2,5,4,1,3,1,2025,1,2,2,462,1,3,1,2,1,2,1,2,1,3,2,0,2,2,42329cf5,395
80134.47,92655.72,15451.166,6,11,2,5,4,1,3,1,2025,1,1,3,999,1,5,1,3,1,2,1,2,1,1,3,0,3,3,7a8e387e,397
51134.465,55655.72,6451.1655,4,5,2,1,4,1,3,1,2025,1,1,2,999,1,5,1,3,1,1,1,2,1,1,4,0,3,1,066f1a8e,399
55134.465,67655.72,12451.166,4,7,2,5,4,1,3,1,2025,1,1,5,535,1,5,1,3,1,2,1,2,1,1,3,0,2,2,14b9689b,401
23134.465,45655.72,3451.1655,5,13,1,5,1,1,3,1,2025,1,2,7,462,3,7,2,2,1,2,1,2,1,2,2,0,2,1,d7cb5b96,408
44134.465,56655.72,7451.1655,5,13,2,5,4,1,3,1,2025,1,1,5,933,1,10,1,5,1,1,1,2,1,1,2,0,2,1,bc888552,415
27134.465,64655.72,8451.166,4,13,1,5,4,1,3,1,2025,1,1,7,999,3,8,1,3,1,2,1,2,1,1,3,0,2,1,43969a93,421
359134.47,386579.72,75451.164,4,6,2,5,4,1,3,1,2025,1,1,2,999,1,3,1,5,1,2,1,2,1,1,3,0,2,1,94cdec1e,424
82134.47,92655.72,23451.166,5,4,2,5,1,1,3,1,2025,1,3,4,462,1,7,2,2,1,2,4,2,1,1,4,0,3,1,9d220a5f,440
60134.465,89655.72,15451.166,6,10,2,5,4,1,3,1,2025,1,2,5,999,3,4,1,2,1,1,1,2,1,1,2,1,2,2,0c06bac5,447
53134.465,62655.72,10451.166,4,8,2,5,1,1,3,1,2025,1,1,2,535,1,3,3,3,1,2,1,4,1,1,2,0,2,2,5804b53a,448
57134.465,56655.72,5451.1655,5,4,2,5,4,1,3,1,2025,2,1,2,999,1,2,1,3,1,1,1,5,1,1,2,0,2,3,47d1369a,449
53134.465,84655.72,11451.166,6,13,3,5,4,1,3,1,2025,1,3,6,999,3,7,1,2,1,1,1,2,1,1,3,0,2,1,76938e2e,450
38134.465,60655.72,6451.1655,6,13,99,5,1,2,3,1,2025,1,3,4,462,3,2,2,2,1,1,1,2,1,1,1,1,1,3,e251fb8e,454
70134.47,73655.72,14451.166,4,13,2,1,4,1,2,1,2025,1,1,2,835,1,10,1,4,2,2,2,2,2,1,4,0,2,1,5e76bdc7,458
49134.465,59655.72,6451.1655,4,10,2,1,4,1,2,1,2025,1,1,3,999,2,4,1,3,4,1,4,2,4,2,4,0,2,1,018cac49,459
39134.465,53655.72,6451.1655,4,13,2,1,4,1,1,1,2025,1,3,2,462,1,4,1,2,3,1,3,2,3,1,4,0,2,1,a584111e,461
52134.465,67655.72,7451.1655,2,7,1,1,1,1,2,1,2025,1,1,3,535,2,7,2,3,5,1,5,4,5,1,4,0,2,1,18e7d480,463
31134.465,48655.72,6451.1655,5,13,2,1,4,1,1,2,2025,1,1,3,933,1,6,1,5,2,1,2,2,2,2,1,1,1,2,c84a30eb,464
45134.465,55655.72,6451.1655,4,13,2,1,3,1,1,1,2025,1,1,4,999,2,7,1,4,2,1,2,2,2,1,3,0,3,1,78cf997f,467
108134.47,111655.72,19451.166,5,8,2,1,1,1,2,1,2025,1,1,3,933,2,3,2,5,4,1,4,2,4,1,3,0,2,1,882cd9c3,469
50134.465,75655.72,13451.166,2,13,1,1,4,1,1,1,2025,1,1,5,999,2,9,1,5,2,2,2,2,2,1,3,1,2,1,911e94f3,470
73134.47,99655.72,22451.166,4,5,99,1,1,2,1,1,2025,1,3,5,462,2,2,2,2,4,1,4,2,4,1,4,0,3,1,253a8dd3,471
70134.47,77655.72,15451.166,4,13,2,1,4,1,1,1,2025,1,2,3,462,1,1,1,2,2,2,2,2,2,1,3,0,2,1,8c294f13,486
9134.466,21655.719,2451.1655,2,13,2,1,1,1,2,2,2025,1,4,4,535,2,7,3,3,3,2,3,2,3,1,2,0,2,3,462da416,486
67134.47,102655.72,17451.166,4,10,2,1,3,1,1,1,2025,1,1,6,999,2,4,1,3,2,1,2,2,2,1,2,0,2,3,111e7a51,488
92134.47,134655.72,21451.166,4,10,2,2,1,1,1,1,2025,1,1,3,835,3,4,2,4,2,1,2,5,2,1,2,1,1,2,e078d172,489
49134.465,54655.72,6451.1655,4,13,3,1,4,1,1,1,2025,1,1,1,999,1,8,1,3,3,2,3,3,3,1,2,0,2,1,78101754,490
9134.466,16655.719,2451.1655,4,13,1,4,4,1,2,1,2025,1,1,1,999,1,7,1,5,2,2,2,2,2,1,4,0,3,1,88119107,490
24134.465,33655.72,3451.1655,2,13,2,1,4,1,2,2,2025,1,3,3,999,2,8,1,4,5,2,5,2,5,1,3,0,3,1,5cfbda37,497
51134.465,61655.72,6451.1655,5,13,1,1,3,1,1,1,2025,1,1,4,933,1,5,1,5,3,1,3,2,3,1,4,0,3,1,bf2751c0,498
34134.465,48655.72,4451.1655,5,10,1,1,3,1,2,1,2025,1,1,3,999,2,4,1,1,4,1,4,2,4,1,1,1,1,2,bd7d6b52,500
34134.465,41655.72,6451.1655,6,4,1,1,4,1,2,1,2025,2,3,1,462,1,7,1,2,2,2,2,2,2,2,3,0,2,1,7d5a9ae2,501
108134.47,144655.72,24451.166,5,8,3,1,4,1,2,2,2025,1,1,4,999,2,9,1,4,3,2,3,2,3,3,2,0,2,1,a04de41c,501
48134.465,57655.72,6451.1655,4,1,2,1,1,1,1,1,2025,1,2,2,999,1,7,3,2,4,1,4,4,4,1,4,0,3,1,9a4c65f7,503
129134.47,134655.72,86451.164,6,13,2,1,4,1,1,1,2025,1,3,5,462,1,7,1,2,2,2,2,2,2,1,4,0,3,1,0ae4ea92,504
30134.465,61655.72,4451.1655,4,13,99,2,2,2,1,2,2025,1,1,2,933,3,7,1,5,2,1,2,2,2,1,2,0,2,2,2be5a80d,506
27134.465,42655.72,2451.1655,2,4,1,2,1,1,1,1,2025,1,1,2,999,1,5,1,3,3,1,3,2,3,1,2,0,2,2,f8977b3e,515
50134.465,59655.72,8451.166,2,8,2,1,4,1,1,1,2025,1,1,2,999,1,8,1,2,2,2,2,2,2,1,2,1,2,3,c5ab9bd2,516
96134.47,110655.72,16451.166,6,5,3,1,4,1,2,2,2025,1,3,3,462,1,7,1,2,4,2,4,2,4,3,3,0,2,1,2be15928,516
31134.465,48655.72,5451.1655,4,13,1,1,3,1,2,1,2025,1,1,5,535,2,7,1,3,2,1,2,2,2,1,4,0,3,1,1b029990,517
9134.466,32655.719,2451.1655,2,13,1,2,4,1,1,2,2025,1,1,4,999,3,7,1,3,2,1,2,2,2,3,4,0,3,3,c5e6e8ec,518
36134.465,49655.72,5451.1655,4,11,2,1,4,1,2,1,2025,1,1,2,535,2,7,1,3,2,1,2,5,2,2,4,0,3,1,28de3b20,518
41134.465,38655.72,3451.1655,5,8,2,3,4,1,2,1,2025,1,1,3,999,1,8,1,3,4,2,3,2,4,1,3,0,2,1,10e271a4,519
503318.47,613163.75,168106.17,4,8,3,1,1,1,1,2,2025,1,1,3,535,2,1,2,3,4,2,4,2,4,1,4,0,2,1,5f8faedc,520
51134.465,62655.72,10451.166,2,8,99,1,3,2,2,1,2025,1,1,2,999,1,8,1,5,2,2,2,2,2,1,3,0,2,1,67e17104,522
84134.47,82655.72,11451.166,4,1,2,1,4,1,1,1,2025,1,1,3,999,2,5,1,1,4,2,4,2,4,2,4,0,2,1,b14f3d39,529
42134.465,45655.72,2452.1655,4,8,2,1,1,1,2,1,2025,1,1,3,535,2,5,2,3,4,2,4,2,4,2,2,0,2,2,f26b32bb,530
75134.47,96655.72,20451.166,4,5,99,1,1,2,1,1,2025,1,1,4,535,2,2,2,3,3,2,3,2,3,1,2,1,2,2,3832f9a6,532
58134.465,63655.72,9451.166,2,11,3,1,4,1,2,1,2025,1,1,3,999,2,8,1,4,4,2,4,2,4,2,4,0,3,1,35f1bcab,532
16134.466,32655.719,2452.1655,2,4,2,1,3,1,1,2,2025,2,1,2,999,1,5,1,3,2,1,2,2,2,1,4,0,3,1,e978af05,533
38134.465,53655.72,6451.1655,4,1,2,1,4,1,1,1,2025,1,1,5,933,2,2,1,5,2,1,2,2,2,2,1,0,1,2,da80ec47,535
52134.465,62655.72,12451.166,4,13,2,1,4,1,2,1,2025,1,1,2,999,1,7,1,3,2,2,2,3,2,1,4,0,3,1,3b794b64,535
109134.47,134655.72,32451.166,4,8,2,1,4,1,1,1,2025,1,1,2,933,2,10,1,5,2,2,2,2,2,1,2,0,2,1,0d01255f,537
24134.465,50655.72,8451.166,2,4,1,1,4,1,1,2,2025,1,3,4,462,1,9,1,2,2,2,2,2,2,2,2,0,2,1,4b979de6,538
59134.465,85655.72,15451.166,2,11,2,1,4,1,1,2,2025,1,3,3,462,1,8,1,2,2,2,2,2,2,2,3,0,3,2,404920b2,539
69134.47,87655.72,10451.166,4,7,99,1,4,2,1,1,2025,1,1,2,999,1,3,1,4,3,1,3,2,3,2,2,0,3,1,93dced0e,540
18134.465,25655.719,2451.1655,4,13,99,1,1,2,2,1,2025,1,1,4,535,2,7,2,3,5,1,5,2,5,2,3,0,2,3,20c0787d,540
50134.465,66655.72,7451.1655,5,4,1,1,4,1,1,1,2025,1,1,2,999,1,5,1,3,2,1,2,2,2,1,4,0,3,1,27488355,541
35134.465,52655.72,5451.1655,4,13,99,1,4,2,2,1,2025,1,1,5,999,2,10,1,1,2,1,2,2,2,1,3,0,2,1,fd600a22,553
37134.465,41655.72,3451.1655,4,13,2,1,4,1,1,1,2025,1,1,2,999,1,7,1,3,3,1,3,4,3,1,2,0,2,1,a3e60ec5,555
81134.47,84655.72,18451.166,6,3,2,1,4,1,2,1,2025,1,3,5,462,1,5,1,2,2,2,2,4,2,1,2,0,2,1,f10af1c8,555
27134.465,34655.72,3451.1655,4,13,99,4,4,2,2,1,2025,1,1,2,535,1,8,1,3,3,2,3,2,3,1,3,0,2,1,cc9f8fb3,557
48134.465,52655.72,7451.1655,4,5,2,1,1,1,2,1,2025,1,3,2,999,2,2,3,2,2,1,2,5,2,1,1,1,2,2,8993fada,558
86134.47,88655.72,16451.166,6,13,2,1,4,1,2,1,2025,1,1,4,535,2,2,1,3,2,1,2,2,2,1,4,0,3,1,de49faa3,558
96134.47,101655.72,17451.166,4,13,2,1,1,1,1,1,2025,1,1,5,535,2,10,2,3,2,1,2,4,2,2,3,0,2,1,7f998a8e,560
71134.47,85655.72,18451.166,4,13,2,1,4,1,1,1,2025,1,3,4,933,2,7,1,3,5,2,5,3,5,1,4,0,3,1,33b07491,562
54134.465,74655.72,8451.166,6,4,2,1,1,1,2,2,2025,1,1,2,535,1,4,2,3,2,1,2,4,2,1,3,1,3,2,848aef28,562
33134.465,57655.72,7451.1655,4,13,2,1,4,1,2,2,2025,1,1,4,999,2,4,1,5,2,1,2,2,2,1,2,0,3,1,55e1216d,562
37134.465,35655.72,3451.1655,2,13,2,1,1,1,2,1,2025,1,1,5,999,2,8,3,3,4,2,4,2,4,2,4,0,3,1,4fe7a631,563
37134.465,36655.72,2452.1655,5,13,2,1,4,1,2,1,2025,1,2,3,999,2,7,1,1,4,1,4,2,4,3,2,1,2,2,c80247c6,563
85134.47,95655.72,23451.166,4,5,2,1,4,1,2,1,2025,1,1,4,999,2,5,1,4,3,2,3,2,3,2,3,0,2,1,08c78c61,566
81134.47,94655.72,10451.166,4,5,3,2,1,1,1,1,2025,1,1,3,999,3,10,3,2,2,2,2,2,2,1,2,0,2,1,0960cb7a,567
149134.47,144655.72,32451.166,4,8,2,1,1,1,1,1,2025,1,1,4,933,2,3,2,5,2,2,2,2,2,1,4,0,3,1,e5e0662d,568
52134.465,59655.72,10451.166,6,13,2,1,4,1,2,1,2025,1,3,3,462,1,10,1,2,4,2,4,2,4,2,2,0,2,2,25a1d7af,568
46134.465,65655.72,9451.166,4,8,3,1,2,1,2,1,2025,1,1,3,999,2,9,1,5,5,2,5,2,5,1,1,1,2,2,93cf6bab,569
55134.465,66655.72,11451.166,4,10,2,1,1,1,1,1,2025,1,4,4,535,1,7,3,3,3,1,3,4,3,1,4,0,3,1,51f3ef4e,570
87134.47,91655.72,13451.166,4,1,2,1,4,1,1,1,2025,1,1,4,999,2,5,1,4,4,1,4,2,4,2,4,0,3,1,715e68db,571
47134.465,47655.72,4451.1655,5,5,2,1,4,1,2,1,2025,1,2,2,999,1,2,1,2,3,1,3,2,3,2,2,0,2,1,90481ee8,571
78134.47,96655.72,16451.166,4,5,2,1,1,1,1,1,2025,1,1,5,933,2,7,2,5,2,1,2,4,2,1,4,0,3,1,3bdbf63d,572
41134.465,45655.72,5451.1655,4,13,2,1,4,1,1,1,2025,1,3,2,999,1,8,1,3,3,2,3,2,3,1,3,0,2,2,b963f8fb,573
62134.465,70655.72,13451.166,4,13,2,1,4,1,1,1,2025,1,2,5,999,1,10,1,2,2,2,2,2,2,1,4,0,3,1,e6b7ed56,574
109134.47,124655.72,24451.166,6,9,2,1,1,1,1,1,2025,1,1,4,535,2,10,2,3,3,2,3,2,3,1,4,0,3,1,b6f8769b,576
65134.465,68655.72,11451.166,4,13,2,1,4,1,2,1,2025,2,3,1,835,2,8,1,4,2,2,2,5,2,1,4,0,2,1,fa5e38d4,576
44134.465,49655.72,7451.1655,5,13,2,1,1,1,1,1,2025,2,1,2,933,2,4,3,5,3,2,3,2,3,1,3,0,3,1,1f6e68b8,577
28134.465,29655.719,2451.1655,6,4,2,1,3,1,2,1,2025,1,1,2,999,1,4,1,3,2,1,2,2,2,1,2,0,2,3,c61b765c,578
36134.465,44655.72,4451.1655,2,13,2,1,1,1,1,1,2025,1,1,2,999,2,8,3,4,2,2,2,2,2,1,2,1,2,2,824f5725,579
129134.47,184655.72,39451.164,4,10,2,1,4,1,1,1,2025,1,1,5,999,2,4,1,3,2,2,2,2,2,1,4,0,3,1,2a52b6df,583
8134.466,14655.719,2451.1655,4,13,1,3,1,1,2,1,2025,2,1,1,535,1,7,2,3,4,1,4,5,4,1,2,0,2,2,65dee670,588
25134.465,33655.72,2451.1655,5,8,1,1,3,1,2,1,2025,1,1,4,999,1,8,1,5,2,2,2,2,2,1,4,0,2,1,c6b79f3b,590
139134.47,164655.72,23451.166,4,6,2,1,4,1,1,1,2025,1,3,3,825,1,5,1,4,2,1,2,5,2,2,3,1,2,3,6efa9ad9,591
43134.465,51655.72,7451.1655,4,13,2,1,4,1,2,1,2025,1,1,5,999,2,8,1,3,3,2,3,2,3,1,3,0,2,3,2753d4b7,592
59134.465,86655.72,16451.166,4,8,2,1,4,1,2,2,2025,1,3,5,999,1,9,1,2,3,2,3,3,3,2,3,0,2,1,3c58e399,601
45134.465,64655.72,11451.166,2,4,2,1,1,1,1,2,2025,1,2,4,462,1,2,2,2,2,2,2,2,2,1,3,0,2,1,9deed611,603
46134.465,48655.72,7451.1655,5,13,2,1,4,1,2,1,2025,1,1,2,999,1,8,1,5,2,2,2,2,2,1,2,0,2,1,186585c7,603
109134.47,164655.72,27451.166,4,5,3,1,4,1,1,2,2025,1,2,3,999,1,7,1,2,3,1,3,2,3,1,2,0,2,1,c44a2dcb,604
20134.465,31655.719,2451.1655,4,13,99,1,1,2,2,1,2025,1,1,4,933,1,2,2,5,2,1,2,5,2,1,3,0,3,1,8573a922,604
52134.465,89655.72,11451.166,6,10,2,2,4,1,1,1,2025,1,1,6,999,3,4,1,1,3,1,3,2,3,2,3,0,2,1,1e6ec446,605
28134.465,31655.719,2451.1655,4,1,1,3,4,1,2,1,2025,2,1,2,999,1,5,1,1,4,1,4,2,4,2,3,0,2,1,f115402b,605
9134.466,20655.719,2451.1655,2,13,99,1,1,2,2,1,2025,1,1,2,999,1,7,2,3,3,1,3,2,3,1,2,0,2,2,a6e7cb2f,608
41134.465,45655.72,6451.1655,6,13,2,1,2,1,2,1,2025,1,1,5,462,1,7,1,2,4,1,4,2,4,2,3,0,2,1,f19683c2,609
25134.465,32655.719,2451.1655,4,13,1,1,1,1,2,1,2025,1,1,3,933,2,5,2,5,3,1,3,4,3,1,2,0,2,3,064eaa5d,611
9135.466,17655.719,2451.1655,2,13,2,3,4,1,2,1,2025,1,1,1,933,1,8,1,5,3,2,3,2,3,3,1,0,1,2,7612e69a,612
58134.465,68655.72,14451.166,5,8,2,1,4,1,2,1,2025,1,2,5,462,2,8,1,2,2,2,2,2,2,1,1,1,1,2,f22b8259,612
70134.47,72655.72,11451.166,4,5,2,1,1,1,1,1,2025,1,1,3,835,2,7,3,4,4,2,4,2,4,1,3,0,2,3,98f414d2,613
26134.465,24655.719,2451.1655,2,13,2,3,4,1,2,1,2025,2,3,1,999,1,7,1,3,4,1,4,2,4,1,4,0,3,1,99f6c248,613
54134.465,76655.72,9451.166,4,10,2,2,4,1,1,2,2025,1,1,2,999,1,4,1,3,2,1,2,2,2,3,4,0,3,1,1cabaa7a,616
139134.47,194655.72,36451.164,4,10,2,1,2,1,1,1,2025,1,1,2,999,2,8,1,3,2,2,2,2,2,1,3,0,2,1,e7b612a1,617
61134.465,75655.72,12451.166,2,8,2,1,4,1,1,1,2025,1,1,3,999,2,5,1,1,2,1,2,2,2,2,3,0,3,2,b25f774e,618
109134.47,294655.72,61067.164,4,10,2,1,4,1,1,2,2025,1,1,6,999,2,4,1,1,2,2,2,2,2,1,4,0,3,3,65caefee,621
35134.465,40655.72,2452.1655,4,13,2,1,1,1,1,1,2025,2,3,2,462,2,4,2,2,2,1,2,4,2,1,2,1,2,3,21671c26,622
85134.47,84655.72,15451.166,6,5,2,1,4,1,1,1,2025,1,3,3,462,2,2,1,2,4,1,4,2,4,1,3,0,3,1,12fa02cc,624
72134.47,79655.72,14451.166,4,5,2,1,1,1,2,1,2025,1,2,3,462,2,2,2,2,4,2,4,2,4,1,4,0,2,1,9eacf796,624
46134.465,86655.72,15451.166,4,13,2,1,1,1,2,3,2025,1,1,6,835,2,7,2,4,2,2,2,2,2,1,4,1,2,3,f2d645bd,626
62134.465,77655.72,7451.1655,4,6,2,4,1,1,2,1,2025,1,1,4,999,1,8,1,5,2,2,2,2,2,3,2,0,2,1,9a4fba69,627
44134.465,62655.72,7451.1655,4,8,2,1,4,1,1,1,2025,1,1,4,999,2,8,1,3,2,1,2,2,2,1,4,0,3,1,32b53243,628
9134.466,28655.719,3451.1655,2,13,1,1,4,1,2,2,2025,1,1,3,999,1,8,1,3,3,2,3,2,3,2,4,0,2,1,c0915541,628
94134.47,112655.72,16451.166,4,4,2,2,1,1,1,1,2025,1,3,5,535,3,7,2,3,2,1,2,5,2,1,1,1,2,2,12a2c089,629
64134.465,73655.72,11451.166,4,5,2,3,2,1,2,1,2025,1,1,4,999,1,2,1,3,4,2,4,2,4,1,4,0,2,1,cdb5c88c,631
208663.47,324655.72,53451.164,5,5,3,1,4,1,1,2,2025,1,1,2,999,1,8,1,3,2,2,2,2,2,1,3,1,2,3,01f2733b,633
9134.466,20655.719,2451.1655,4,10,1,3,4,1,2,1,2025,2,2,1,999,1,4,1,2,4,1,4,2,4,2,4,0,3,1,4f86b209,633
29134.465,39655.72,2452.1655,2,5,99,1,1,2,2,1,2025,1,1,2,933,1,7,1,5,2,1,2,5,2,3,4,0,3,3,f80e75fe,634
60134.465,65655.72,9451.166,4,8,2,1,4,1,2,1,2025,1,3,3,999,1,3,1,2,3,1,3,2,3,1,3,0,2,1,e68fddf8,634
71134.47,78655.72,14451.166,4,8,2,1,4,1,1,1,2025,1,1,4,835,1,10,1,4,3,2,3,2,3,1,2,0,3,2,176b3009,635
57134.465,71655.72,7451.1655,2,13,2,2,3,1,1,1,2025,1,1,3,999,3,8,1,3,4,2,4,2,4,2,3,0,3,1,8b5ef220,636
22134.465,37655.72,3451.1655,4,10,1,1,4,1,2,1,2025,1,1,5,999,2,4,1,3,3,1,3,2,3,1,2,0,2,2,76a9362c,637
40134.465,43655.72,4451.1655,4,13,2,1,4,1,1,1,2025,1,1,3,999,2,8,1,5,4,2,4,2,4,2,1,0,2,2,d419cbe4,638
50134.465,57655.72,7451.1655,6,8,2,1,4,1,1,1,2025,2,3,2,462,1,8,1,2,2,1,2,2,2,2,4,0,2,1,62b1c3e0,639
119134.47,124655.72,29451.166,4,5,2,1,1,1,1,1,2025,1,1,5,535,2,2,2,3,4,2,4,2,4,1,4,0,3,1,2ea95358,640
6134.466,14655.719,2451.1655,4,13,1,3,2,1,2,1,2025,2,1,1,999,1,7,1,5,4,1,4,2,4,1,2,0,2,2,34c7c7df,641
55134.465,60655.72,10451.166,5,10,2,1,4,1,1,1,2025,1,2,2,999,1,4,1,2,5,1,5,2,5,2,4,0,3,1,ed811f27,643
149134.47,144655.72,35451.164,4,8,2,1,1,1,1,1,2025,1,1,4,535,2,3,2,3,4,2,4,2,4,1,4,0,3,1,15f49b87,649
109134.47,114655.72,28451.166,5,5,2,1,4,1,2,1,2025,1,1,4,933,2,2,1,5,2,2,2,2,2,1,4,0,3,1,af61b5d2,649
63134.465,88655.72,18451.166,6,10,1,1,4,1,1,1,2025,1,1,3,999,2,5,1,4,5,2,5,2,5,2,4,0,3,3,5387c3b0,652
85134.47,98655.72,17451.166,6,3,2,1,4,1,1,1,2025,1,1,3,999,2,5,1,5,5,2,5,2,5,2,4,0,2,3,ff0d46b9,653
49134.465,63655.72,9451.166,5,8,2,1,4,1,2,1,2025,1,1,5,933,1,8,1,5,3,2,2,2,3,2,3,0,2,1,9bf396b7,653
44134.465,41655.72,5451.1655,5,13,2,1,4,1,2,1,2025,1,1,2,999,1,8,1,5,3,2,3,2,3,2,2,0,2,1,cda85206,653
29134.465,42655.72,6451.1655,4,13,2,3,4,1,2,1,2025,1,3,2,535,1,7,1,3,3,2,3,2,3,2,3,0,3,1,f426d914,653
51134.465,50655.72,2452.1655,2,2,2,1,4,1,2,1,2025,1,1,3,462,1,8,1,2,4,1,4,4,4,1,3,0,3,1,6c730ec6,674
59134.465,72655.72,5451.1655,4,13,2,2,4,1,1,1,2025,1,1,4,999,1,5,1,4,3,1,2,3,3,1,2,0,2,2,130f8ee7,675
69134.47,98655.72,23451.166,4,13,2,1,4,1,1,1,2025,1,3,6,462,1,2,1,2,2,2,2,5,2,2,3,0,3,1,3052462c,676
57134.465,63655.72,6451.1655,4,13,2,2,4,1,1,1,2025,1,3,3,999,1,2,1,3,4,1,2,5,4,3,4,0,2,1,188598d8,677
65134.465,69655.72,6451.1655,4,10,2,3,2,1,2,1,2025,1,1,2,825,1,4,1,4,4,1,4,2,4,2,4,0,3,1,48f43a46,677
15134.466,23655.719,2451.1655,5,13,1,3,4,1,2,1,2025,1,1,1,835,1,7,1,4,3,1,3,5,3,1,4,0,3,1,71c1028f,678
119134.47,144655.72,31451.166,6,10,2,1,4,1,1,1,2025,1,3,3,462,2,4,1,2,2,1,2,2,2,1,4,0,3,3,ffc62765,685
119134.47,164655.72,52451.164,6,5,2,1,1,1,1,1,2025,1,3,5,462,2,1,2,2,2,2,2,2,2,2,1,1,2,2,bb8a80c9,687
49134.465,74655.72,16451.166,4,8,2,1,1,1,1,2,2025,1,1,5,999,2,8,2,3,2,2,2,2,2,1,3,0,2,3,281342e9,688
87134.47,100655.72,21451.166,4,5,2,1,4,1,1,1,2025,1,3,4,535,2,2,1,3,3,1,3,2,3,1,4,0,3,2,9e2c7dff,690
38134.465,52655.72,5451.1655,5,13,1,1,4,1,2,1,2025,1,1,5,999,2,2,1,5,2,1,2,2,2,2,3,0,2,2,e70d0555,690
10134.466,21655.719,2451.1655,6,4,1,3,2,1,2,1,2025,2,3,1,535,1,7,1,3,3,1,3,2,3,1,3,0,3,1,138623ad,691
93134.47,101655.72,33451.164,6,8,2,1,4,1,1,1,2025,1,3,4,999,1,7,1,2,4,2,4,2,4,2,4,0,3,1,e76a0d03,692
46134.465,64655.72,7451.1655,4,5,2,1,4,1,1,1,2025,1,2,5,999,2,2,1,2,2,1,2,2,2,2,3,0,2,1,2f3770b0,710
44134.465,54655.72,6451.1655,4,13,2,1,1,1,1,1,2025,1,3,3,462,2,7,3,2,2,2,2,4,2,3,3,0,3,3,14640ee3,711
24134.465,46655.72,3451.1655,4,8,2,1,2,1,2,2,2025,1,1,5,835,2,4,1,4,2,1,2,5,2,1,2,0,2,1,06597e8e,711
54134.465,71655.72,11451.166,4,1,2,1,4,1,1,1,2025,1,1,4,933,2,5,1,4,2,1,2,2,2,1,2,1,2,2,7a1d54ce,720
83134.47,94655.72,19451.166,5,8,2,1,1,1,1,1,2025,1,1,5,535,2,8,2,3,3,2,3,2,3,1,4,0,2,1,71250d15,721
63134.465,64655.72,7451.1655,4,9,2,1,4,1,1,1,2025,1,1,2,999,2,8,1,4,4,2,4,2,4,1,4,0,2,1,e8c5cbdd,724
24134.465,30655.719,2451.1655,4,13,2,4,3,1,2,1,2025,1,1,1,825,1,2,1,4,2,1,2,5,2,1,3,0,3,1,9ae1473c,724
119134.47,154655.72,57451.164,5,13,2,1,3,1,1,1,2025,1,3,5,835,2,2,2,4,3,2,3,2,3,1,4,1,2,3,7569206d,725
102134.47,109655.72,20451.166,4,10,2,1,4,1,2,1,2025,1,1,3,535,2,4,1,3,4,1,4,2,4,2,4,0,2,1,4c5bf14f,725
84134.47,83655.72,13451.166,4,5,2,1,1,1,1,1,2025,1,1,3,999,2,7,2,4,3,2,3,2,3,1,4,0,3,1,677873aa,726
94134.47,107655.72,19451.166,4,13,2,1,4,1,1,1,2025,1,1,3,999,2,9,1,5,4,2,4,2,4,1,4,0,3,1,63f93daf,727
89134.47,85655.72,15451.166,5,8,2,1,2,1,1,1,2025,1,1,4,933,2,8,1,5,4,2,4,2,4,1,2,0,2,2,838fec6d,728
9134.466,20655.719,2451.1655,6,13,1,1,4,1,2,2,2025,1,2,4,999,1,5,1,2,3,1,3,2,3,1,2,0,2,2,5de8e14c,728
66134.47,65655.72,10451.166,4,8,2,1,1,1,2,1,2025,1,1,3,933,1,8,2,5,4,2,4,2,4,1,4,0,2,1,7cdfdcf6,728
19134.465,52655.72,7451.1655,2,13,2,1,1,1,1,2,2025,1,3,6,462,2,8,2,2,2,2,2,2,2,2,3,0,2,1,1a6223a5,729
30134.465,41655.72,5451.1655,4,1,2,1,2,1,2,2,2025,1,1,5,999,2,7,1,4,3,1,3,2,3,2,4,0,3,2,a24fab47,729
42134.465,58655.72,5451.1655,4,5,99,1,4,2,2,1,2025,1,1,3,999,2,2,1,3,4,1,4,2,4,1,4,0,3,1,565b3769,730
50134.465,47655.72,4451.1655,5,13,2,1,4,1,2,1,2025,1,1,4,999,2,7,1,3,4,1,4,2,4,2,4,0,3,1,a4e8ddaa,732
65134.465,87655.72,16451.166,6,13,2,1,1,1,2,1,2025,1,1,6,535,2,2,2,3,2,1,2,2,2,2,4,0,3,1,1d8e480b,743
9134.466,14655.719,2451.1655,4,13,1,3,4,1,2,1,2025,2,1,1,999,1,7,1,3,4,2,4,2,4,1,2,0,2,2,539aa36a,744
15134.466,27655.719,2452.1655,2,8,2,1,1,1,2,2,2025,1,1,3,999,2,7,2,3,4,1,4,2,4,2,2,0,2,1,17e9a676,744
28134.465,55655.72,7451.1655,4,1,1,1,4,1,2,1,2025,1,2,7,462,2,2,1,2,2,1,2,2,2,1,4,0,3,1,1c6d6f2f,745
21134.465,24655.719,2451.1655,6,4,2,4,4,1,2,1,2025,2,3,1,462,1,5,1,2,3,1,3,2,3,1,2,0,2,1,0f412185,746
24134.465,42655.72,3451.1655,4,13,1,2,4,1,1,1,2025,1,2,5,462,3,5,1,2,2,1,2,2,2,2,1,0,1,2,22f1390c,747
70134.47,71655.72,10451.166,4,8,2,6,1,1,2,1,2025,1,1,1,999,1,3,1,4,2,2,2,4,2,1,3,0,2,1,fb3caa03,748
67134.47,76655.72,12451.166,4,1,2,1,4,1,1,1,2025,1,1,4,535,2,5,1,3,5,1,5,2,5,1,1,0,2,2,a98971d7,749
67134.47,86655.72,17451.166,4,13,3,1,2,1,2,1,2025,1,3,3,462,2,7,1,2,4,2,4,1,4,1,2,1,2,2,5ea4a6e9,749
149134.47,134655.72,24451.166,4,7,2,1,2,1,1,1,2025,1,1,4,999,2,8,1,3,4,2,4,4,4,1,3,0,2,1,3c5f5b9f,751
44134.465,76655.72,9451.166,4,10,2,3,4,1,2,1,2025,1,1,6,999,1,7,1,3,3,2,3,2,3,2,4,0,2,1,91e60e9e,751
68134.47,85655.72,17451.166,2,8,99,1,2,2,1,1,2025,1,1,5,535,2,8,1,3,2,2,2,2,2,2,3,0,2,3,0be553ac,752
25134.465,29655.719,2452.1655,4,13,2,4,4,1,2,1,2025,1,3,5,999,1,7,1,2,3,1,3,2,3,1,4,0,3,1,00767f0e,752
16134.466,28655.719,2452.1655,2,8,2,6,4,1,2,2,2025,1,1,2,999,1,8,1,5,2,2,2,2,2,1,3,0,2,1,ab7ba52c,753
49134.465,55655.72,3451.1655,5,9,2,1,4,1,2,1,2025,1,1,3,999,2,9,1,3,3,1,3,2,3,2,2,0,2,3,8f7066b6,753
9134.466,25655.719,2451.1655,4,5,1,2,1,1,1,2,2025,1,3,7,999,1,6,3,2,2,1,2,5,2,1,2,1,2,2,93ae5684,755
35134.465,37655.72,4451.1655,4,13,2,1,1,1,1,1,2025,1,1,4,999,2,7,2,3,2,2,2,2,2,2,2,0,2,2,bcdc779c,756
119134.47,109655.72,21451.166,5,8,2,1,4,1,1,1,2025,1,1,3,999,2,3,1,4,4,2,4,2,4,1,1,0,2,2,181d2e57,758
61134.465,74655.72,12451.166,4,5,2,1,1,1,2,1,2025,1,1,5,999,2,2,2,3,2,1,2,5,2,1,4,0,2,2,64a7aaf8,758
42134.465,64655.72,8451.166,2,13,3,1,4,1,1,1,2025,1,1,6,999,1,9,1,1,2,2,2,2,2,3,4,0,3,1,39f3d3c4,760
9134.466,25655.719,2451.1655,2,13,1,1,4,1,1,2,2025,1,1,3,835,1,8,1,4,3,2,3,2,3,1,2,0,2,2,d5c8ab83,761
54134.465,67655.72,7451.1655,4,10,2,1,1,1,1,1,2025,1,1,4,999,1,4,2,4,2,1,2,5,2,1,3,0,3,1,f46d9320,762
29134.465,53655.72,3451.1655,4,13,99,2,4,2,1,1,2025,1,1,5,933,3,7,1,5,2,1,2,2,2,2,2,1,2,2,52378ed5,766
55134.465,61655.72,9451.166,4,8,2,1,4,1,1,1,2025,1,2,3,999,1,8,1,2,3,2,3,2,3,2,2,0,2,2,9ee58aec,768
42134.465,63655.72,7451.1655,5,13,2,1,1,1,2,1,2025,1,1,6,535,2,10,2,3,2,1,2,2,2,1,2,1,2,2,e2572e79,768
38134.465,51655.72,8451.166,5,3,2,1,4,1,1,1,2025,1,3,5,462,1,4,1,2,2,1,2,2,2,1,2,0,2,1,583dbeb2,770
43134.465,54655.72,6451.1655,2,13,2,1,4,1,2,1,2025,1,2,5,999,1,9,1,2,2,1,2,2,2,1,3,0,2,1,0c182df3,795
10134.466,18655.719,2451.1655,2,13,1,3,4,1,2,1,2025,2,1,1,999,1,8,1,3,4,2,4,5,4,2,4,0,2,1,3fc5c0f1,796
70134.47,80655.72,17451.166,2,10,2,1,4,1,1,1,2025,1,1,2,999,2,4,1,3,3,1,3,2,3,1,3,0,2,1,1679410d,808
119134.47,144655.72,33451.164,4,5,2,1,1,1,1,1,2025,1,1,3,535,1,8,2,3,2,2,2,2,2,1,3,0,2,1,bde19c6d,811
57134.465,60655.72,10451.166,6,10,2,1,4,1,2,1,2025,1,1,3,999,2,7,1,3,4,1,4,2,4,1,3,0,2,2,e13e8e17,813
11134.466,17655.719,2451.1655,6,13,2,4,3,1,2,1,2025,1,2,1,462,1,8,1,2,2,2,2,2,2,2,1,0,2,1,026f0ebb,814
9134.466,37655.72,5451.1655,4,10,1,1,4,1,2,2,2025,1,1,6,999,2,2,1,3,2,1,2,3,2,1,3,0,2,1,a0db6d1b,816
75134.47,93655.72,14451.166,6,7,2,2,1,1,1,1,2025,1,1,4,535,3,10,2,3,3,2,2,2,3,1,2,0,2,2,aea37f15,817
21134.465,21655.719,2451.1655,2,13,2,4,4,1,2,1,2025,1,1,1,999,1,7,1,5,3,1,3,4,3,2,2,0,2,1,bd12fc68,817
68134.47,74655.72,12451.166,4,10,2,1,4,1,2,1,2025,1,1,3,999,2,7,1,5,3,2,3,2,3,2,3,0,2,1,28cad80a,817
58134.465,81655.72,16451.166,5,8,2,1,1,1,2,1,2025,1,1,6,999,2,8,1,4,3,2,3,2,3,2,2,0,2,1,0df11a41,818
29134.465,37655.72,3451.1655,4,13,2,1,4,1,2,1,2025,1,1,5,825,2,7,1,4,2,1,2,2,2,1,3,0,2,2,72ea486f,819
95134.47,101655.72,20451.166,4,10,2,1,1,1,2,1,2025,1,1,3,999,2,4,3,3,4,2,4,3,4,1,3,0,2,1,c89e3c46,819
91134.47,98655.72,21451.166,4,11,2,1,3,1,2,1,2025,1,1,4,835,2,2,1,4,3,1,3,2,3,1,4,0,3,1,94d61ab4,819
75134.47,103655.72,16451.166,6,5,2,4,2,1,2,2,2025,1,3,4,462,1,7,1,2,2,1,2,2,2,1,3,0,3,1,d8b5ac43,820
129134.47,214655.72,76786.164,4,5,2,1,4,1,1,2,2025,1,1,2,825,2,4,1,4,2,2,2,2,2,1,3,0,3,1,27259b15,822
9134.466,17655.719,2451.1655,4,11,2,3,4,1,2,1,2025,2,3,1,999,1,7,1,3,3,1,3,2,3,3,2,0,2,1,7b826a5f,822
1209963.5,1601469.8,607647.2,6,5,2,1,4,1,1,1,2025,1,1,4,535,2,1,1,3,3,2,3,4,3,1,3,0,2,1,ad19e38c,823
49134.465,55655.72,5451.1655,6,5,2,1,4,1,2,1,2025,1,2,4,462,1,2,1,2,4,1,4,5,4,1,4,0,2,1,8e2f13c9,823
53134.465,51655.72,4451.1655,6,13,2,1,1,1,1,1,2025,1,3,3,462,1,8,2,2,4,2,4,2,4,2,4,0,3,1,74a26fbe,824
38134.465,38655.72,3451.1655,5,13,2,1,4,1,2,1,2025,1,3,2,999,1,7,1,1,3,1,3,2,3,1,4,0,3,1,2b63983b,824
7134.466,14655.719,2451.1655,4,13,1,3,4,1,2,1,2025,2,3,1,462,1,7,1,2,3,1,3,3,3,1,2,0,2,2,c96222d2,825
108134.47,103655.72,20451.166,6,8,2,1,4,1,1,1,2025,1,3,3,999,1,8,1,2,3,2,3,4,3,1,3,0,2,1,56d19eba,827
-40865.535,14655.719,2451.1655,4,13,1,3,1,1,2,1,2025,2,1,1,999,1,7,3,3,4,2,4,2,4,2,2,1,2,2,8abe3616,829
80134.47,99655.72,18451.166,6,6,2,1,4,1,1,1,2025,1,1,4,999,2,2,1,1,2,1,2,2,2,1,4,0,3,1,4576cca2,830
39134.465,43655.72,6451.1655,4,13,2,4,4,1,2,1,2025,1,1,3,999,1,2,1,3,2,2,2,2,2,1,2,0,3,1,5fbb27d6,831
55134.465,79655.72,13451.166,4,3,2,1,1,1,2,1,2025,1,3,6,999,2,6,2,3,2,1,2,5,2,1,4,0,3,1,5306ac06,831
75134.47,134655.72,36451.164,5,4,1,1,2,1,1,1,2025,1,3,6,462,2,7,1,2,3,2,3,2,3,1,4,0,3,2,7bb3478c,832
81134.47,104655.72,15451.166,4,10,2,1,4,1,2,1,2025,1,2,3,999,2,4,1,2,2,1,2,2,2,1,4,0,3,1,5c97298e,833
41134.465,52655.72,9451.166,4,13,2,1,4,1,2,1,2025,1,3,2,462,1,8,1,2,3,2,3,2,3,1,3,0,2,1,274deca6,834
149134.47,124655.72,28451.166,6,8,2,1,1,1,1,1,2025,1,1,3,535,2,2,3,3,4,2,4,4,4,1,3,1,2,2,d69ec754,835
42134.465,70655.72,10451.166,2,8,2,1,1,1,1,2,2025,1,3,3,462,2,8,3,2,5,2,5,2,5,2,2,0,1,2,a7990ea5,843
92134.47,98655.72,27451.166,6,8,2,1,4,1,2,1,2025,1,3,2,462,1,8,1,2,2,2,2,2,2,1,3,0,3,1,2d34ad9b,843
9134.466,14655.719,2451.1655,4,13,1,4,4,1,2,1,2025,2,2,1,462,1,7,1,2,4,1,3,3,4,1,2,0,2,1,6bc5cef6,845
34134.465,44655.72,7451.1655,4,13,2,1,4,1,2,1,2025,1,3,5,999,1,7,1,2,2,2,2,5,2,1,3,0,2,1,9f154b84,854
33134.465,34655.72,2451.1655,4,13,2,1,4,1,2,1,2025,1,3,4,999,1,10,1,2,3,1,3,2,3,2,3,0,2,3,7b968f15,855
39134.465,44655.72,5451.1655,4,13,2,1,1,1,1,1,2025,1,4,4,535,2,7,2,3,3,2,3,2,3,1,4,0,3,1,2d66c773,857
96134.47,95655.72,13451.166,5,10,2,1,1,1,1,1,2025,1,1,3,999,2,4,2,5,4,1,4,5,4,1,4,0,3,1,a68c38b3,858
50134.465,85655.72,17451.166,5,3,2,1,1,1,1,2,2025,1,1,5,933,2,7,2,5,2,1,2,2,2,1,4,0,2,1,38212207,859
53134.465,58655.72,8451.166,4,8,2,1,4,1,2,1,2025,1,2,5,999,1,10,1,2,2,2,2,2,2,1,3,0,2,2,37bc7caa,860
219134.47,184655.72,50451.164,4,5,3,1,1,1,1,1,2025,1,1,3,535,2,3,2,3,4,2,4,5,4,1,3,0,2,3,8b94b252,861
49134.465,57655.72,7451.1655,4,5,2,1,1,1,2,1,2025,1,1,5,999,2,2,2,3,2,1,2,2,2,2,2,0,2,3,32c43e3e,861
38134.465,47655.72,7451.1655,5,13,2,1,1,1,2,1,2025,1,1,4,999,1,2,3,1,2,2,2,2,2,1,4,0,3,1,467b85e0,863
79134.47,93655.72,21451.166,4,8,2,1,4,1,1,1,2025,1,2,5,999,1,8,1,2,2,2,2,2,2,1,2,1,2,1,65bc5c0b,864
59134.465,63655.72,8451.166,6,5,2,1,4,1,1,1,2025,1,1,3,999,2,7,1,3,2,1,2,5,2,2,4,0,2,1,d3459b24,865
17134.465,28655.719,4451.1655,2,8,2,1,4,1,2,2,2025,1,1,4,999,2,8,1,3,4,2,4,2,4,1,2,0,2,2,20a21a2c,872
229134.47,373613.72,128828.164,4,8,3,1,2,1,1,2,2025,1,1,5,999,2,1,1,3,4,2,4,2,4,2,4,0,2,1,c8265bb2,873
62134.465,67655.72,11451.166,2,13,2,1,4,1,2,1,2025,1,1,2,999,1,6,1,3,2,2,2,2,2,1,4,0,2,3,5f4b68fc,873
9134.466,14655.719,2451.1655,4,13,1,3,4,1,2,1,2025,2,1,1,999,1,7,1,3,4,2,4,2,4,1,4,0,3,1,5bcfd484,874
22134.465,54655.72,5451.1655,4,1,1,1,4,1,2,1,2025,1,3,7,999,2,2,1,1,2,1,2,5,2,1,4,0,3,1,b4425a0a,874
74134.47,77655.72,17451.166,6,8,2,1,4,1,1,1,2025,1,3,1,462,1,3,1,2,2,2,2,2,2,1,2,0,1,2,1d4e75f7,875
47134.465,55655.72,6451.1655,5,13,1,1,3,1,1,1,2025,2,3,1,999,1,7,1,5,2,2,2,4,2,1,4,0,3,1,5a0ba93e,876
34134.465,35655.72,3451.1655,5,13,2,1,3,1,1,1,2025,1,1,1,999,1,8,1,3,2,2,2,2,2,1,4,0,2,1,4af6bab3,888
28134.465,26655.719,2451.1655,5,13,2,1,4,1,2,1,2025,1,1,1,999,1,8,1,1,3,1,3,2,3,3,2,0,2,2,4a041a1a,890
53134.465,66655.72,8451.166,4,5,2,1,2,1,1,1,2025,1,1,5,535,2,7,1,3,3,2,3,2,3,1,1,0,2,3,4ca86196,896
105134.47,108655.72,24451.166,5,13,2,1,4,1,1,1,2025,1,1,4,535,1,8,1,3,2,2,2,2,2,1,3,0,3,1,8113c2a9,902
56134.465,67655.72,10451.166,4,5,2,1,1,1,1,1,2025,1,1,4,999,2,2,3,5,2,1,2,2,2,2,4,0,3,1,27a43851,903
9135.466,46655.72,5451.1655,4,5,1,1,4,1,2,3,2025,1,3,6,999,2,5,1,3,2,1,2,2,2,1,2,0,2,2,29f9431e,903
33134.465,36655.72,3451.1655,4,13,2,1,4,1,2,1,2025,1,1,5,999,1,5,1,4,2,1,2,2,2,1,1,0,1,2,fb911a74,906
40134.465,49655.72,4451.1655,4,11,2,1,4,1,1,1,2025,1,2,3,999,1,4,1,2,4,1,4,2,4,2,1,0,1,1,ec218e28,907
56134.465,65655.72,12451.166,6,9,2,1,4,1,2,1,2025,1,3,5,999,2,8,1,2,2,2,2,2,2,1,2,1,2,3,07ceb77b,912
64134.465,81655.72,13451.166,4,5,2,1,1,1,2,1,2025,1,1,3,933,2,7,2,5,5,1,5,2,5,1,2,0,2,2,7525a90a,914
62134.465,69655.72,10451.166,6,10,2,1,1,1,2,1,2025,1,1,3,535,2,4,2,3,3,1,3,2,3,2,2,0,2,1,a856a50b,914
75134.47,78655.72,8451.166,4,1,2,1,4,1,1,1,2025,1,3,3,999,2,5,1,5,3,1,3,5,3,1,4,1,2,3,c517375e,915
48134.465,62655.72,6451.1655,4,4,99,1,4,2,1,1,2025,1,1,4,999,2,5,1,5,3,1,3,2,3,2,4,0,2,1,62ced039,916
68134.47,90655.72,15451.166,4,10,2,1,4,1,2,1,2025,1,1,4,999,2,4,1,3,2,2,2,2,2,3,3,0,2,3,d505b4a3,916
43134.465,71655.72,7451.1655,4,6,1,1,4,1,2,1,2025,1,1,6,999,2,5,1,3,2,2,2,5,2,1,2,0,2,2,fc3c3e76,917
76134.47,90655.72,14451.166,5,10,3,1,4,1,1,1,2025,1,1,5,999,2,2,1,1,3,1,3,2,3,1,3,0,2,1,6de1ab59,918
64134.465,73655.72,15451.166,4,8,2,1,1,1,2,1,2025,1,3,2,462,1,3,3,2,2,2,2,3,2,1,1,1,2,2,101fced1,919
33134.465,37655.72,2451.1655,4,11,2,2,1,1,1,1,2025,1,2,4,999,1,2,2,2,3,1,3,2,3,1,2,0,2,2,3a3534aa,920
45134.465,60655.72,5451.1655,5,13,2,2,4,1,1,1,2025,1,1,5,999,3,2,1,4,2,1,2,2,2,1,2,0,2,2,88fcfbc1,922
73134.47,93655.72,20451.166,4,13,2,1,4,1,2,1,2025,1,1,5,933,2,8,1,5,2,2,2,2,2,1,4,0,3,1,75557d47,922
64134.465,64655.72,11451.166,2,13,2,1,4,1,1,1,2025,1,3,1,999,1,9,1,2,2,2,2,2,2,1,3,0,3,3,8b7264e5,924
74134.47,87655.72,13451.166,4,8,2,1,4,1,2,1,2025,1,1,5,999,2,10,1,3,2,1,2,2,2,1,4,0,3,3,620d2859,931
30134.465,31655.719,2451.1655,6,11,2,3,4,1,2,1,2025,1,1,2,999,1,10,1,3,3,1,3,2,3,1,3,0,3,1,b278e3e9,933
88134.47,105655.72,25451.166,5,13,3,1,4,1,1,1,2025,1,3,3,835,1,8,1,4,4,2,4,2,4,2,4,0,2,1,cca425bc,936
61134.465,84655.72,16451.166,4,5,2,2,1,1,1,1,2025,1,1,3,999,1,8,2,3,2,2,2,2,2,1,3,0,2,1,38873a86,937
103134.47,114655.72,25451.166,4,10,2,1,4,1,1,1,2025,1,3,3,462,1,7,1,2,3,2,3,2,3,1,3,1,3,3,ce2cdd7d,938
40134.465,42655.72,2452.1655,4,8,2,3,3,1,2,1,2025,1,3,3,999,1,3,1,2,3,1,3,2,3,1,4,0,3,3,e76a6470,938
31134.465,69655.72,11451.166,4,11,1,1,4,1,1,1,2025,1,3,6,462,2,7,1,2,2,2,2,2,2,1,2,0,2,2,44f00ba1,939
32134.465,45655.72,2451.1655,4,13,99,2,4,2,1,1,2025,1,1,2,999,1,2,1,3,2,1,2,2,2,1,3,0,2,1,af5ee34a,940
9134.466,15655.719,2451.1655,6,13,1,4,4,1,2,1,2025,2,2,1,462,1,7,1,2,2,2,2,5,2,2,3,0,3,2,66e0dd81,941
50134.465,65655.72,7451.1655,2,8,99,2,4,2,1,1,2025,1,2,3,999,1,9,1,2,4,2,4,5,4,1,3,0,2,1,8f396cf2,942
24134.465,35655.72,2451.1655,2,10,99,1,4,2,1,1,2025,1,1,2,999,1,4,1,3,3,1,3,2,3,2,2,0,1,2,5f5044bb,943
95134.47,99655.72,18451.166,6,9,2,2,4,1,1,1,2025,1,2,4,999,1,10,1,2,2,2,2,2,2,1,3,0,2,1,7a143b17,950
9135.466,25655.719,2451.1655,2,13,1,1,1,1,1,2,2025,1,1,2,999,2,7,2,3,4,2,4,2,4,3,2,0,2,1,6db7d64f,951
26134.465,33655.72,3451.1655,5,5,1,1,4,1,2,1,2025,1,3,3,999,1,7,1,2,5,1,6,2,6,1,1,0,1,2,4055d9df,951
49134.465,80655.72,14451.166,6,8,2,2,3,1,1,1,2025,1,1,6,999,3,8,1,3,2,2,2,2,2,1,1,0,2,2,51d9f6e7,952
99134.47,114655.72,26451.166,2,8,3,1,3,1,1,1,2025,1,1,4,999,2,10,1,4,4,2,4,2,4,1,4,0,3,1,3c29af8c,953
26134.465,35655.72,3451.1655,4,5,1,1,1,1,2,1,2025,1,1,2,835,2,7,2,4,3,1,3,2,3,1,2,0,2,1,dac837c9,953
36134.465,47655.72,4451.1655,4,5,2,1,1,1,1,1,2025,1,1,4,933,2,2,3,5,2,1,2,2,2,1,1,1,2,2,eaba3d8d,955
68134.47,77655.72,15451.166,2,8,2,1,4,1,1,1,2025,1,3,3,999,1,9,1,3,2,2,2,2,2,2,3,0,2,1,50d2523c,956
36134.465,44655.72,6451.1655,6,13,2,1,4,1,2,1,2025,1,1,4,535,1,8,1,3,2,2,2,2,2,1,2,0,2,1,de052b5b,958
9134.466,17655.719,2451.1655,4,3,2,3,4,1,2,2,2025,2,2,1,999,1,7,1,2,4,2,4,2,4,1,3,0,3,1,680018ef,960
58134.465,65655.72,5451.1655,4,1,2,2,4,1,1,1,2025,1,2,3,999,3,5,1,1,4,1,4,2,4,1,2,0,2,1,6e29ff2c,962
129134.47,234655.72,48451.164,4,1,2,1,4,1,2,1,2025,1,1,6,535,2,5,1,3,2,2,2,2,2,2,4,0,3,1,142ff75b,967
5134.466,14655.719,2451.1655,4,13,1,3,4,1,2,1,2025,2,1,1,999,1,7,1,1,3,1,3,2,3,2,2,0,2,2,4a5a0165,968
99134.47,124655.72,20451.166,7,10,2,2,4,1,1,1,2025,1,3,3,999,1,4,1,2,2,1,2,2,2,2,3,0,2,2,b23a475d,969
69134.47,73655.72,10451.166,4,13,2,1,4,1,1,1,2025,1,1,4,999,1,2,1,5,2,1,2,2,2,1,4,0,3,1,878f187b,970
65134.465,82655.72,10451.166,4,1,3,1,1,1,2,2,2025,1,1,5,535,2,7,2,3,4,1,4,2,4,1,2,0,2,2,c095e22b,971
9134.466,18655.719,2451.1655,4,6,1,3,4,1,2,1,2025,2,3,1,462,1,7,1,2,4,2,4,3,4,2,3,0,3,1,f443a712,971
14134.466,21655.719,2451.1655,2,13,2,4,1,1,2,1,2025,1,1,4,535,2,7,2,3,3,1,3,2,3,1,1,1,1,2,1031df9b,971
59134.465,70655.72,9451.166,4,3,2,1,4,1,1,1,2025,1,1,2,999,2,5,1,4,2,2,2,2,2,2,3,0,2,1,32cf2641,972
47134.465,77655.72,10451.166,4,11,3,1,4,1,1,2,2025,1,3,4,999,2,8,1,1,2,2,2,2,2,1,4,0,2,2,8e84a235,973
69134.47,95655.72,18451.166,4,13,2,1,4,1,1,2,2025,1,2,5,999,2,1,1,2,3,2,3,2,3,1,4,0,3,1,9ec846d9,974
49134.465,57655.72,4451.1655,5,10,2,3,4,1,2,1,2025,1,1,2,535,1,4,1,3,4,1,4,2,4,1,3,0,3,1,8e92c9bf,974
34134.465,38655.72,4451.1655,4,13,2,1,4,1,2,1,2025,1,1,3,999,2,8,1,5,5,2,5,2,5,1,2,0,2,2,e433d85d,975
60134.465,63655.72,9451.166,5,5,2,1,1,1,2,1,2025,1,1,2,933,2,7,3,5,2,2,2,2,2,2,2,0,2,1,e01aeade,976
76134.47,99655.72,26451.166,2,8,2,2,4,1,1,1,2025,1,3,5,999,3,8,1,2,2,2,2,2,2,1,4,0,3,1,9f111799,977
66134.47,71655.72,13451.166,5,13,2,3,2,1,1,1,2025,1,3,2,462,1,7,1,2,4,2,4,4,4,1,4,0,3,1,307a7237,980
27134.465,26655.719,2451.1655,2,13,2,3,4,1,2,1,2025,1,3,1,462,1,5,1,2,3,2,3,2,3,2,3,0,2,3,2715fe1f,980
53134.465,65655.72,10451.166,5,1,2,1,4,1,2,1,2025,1,1,5,535,2,7,1,3,3,1,3,2,3,1,4,0,3,2,f4cc0c7b,981
30134.465,53655.72,5451.1655,6,4,1,1,1,1,1,2,2025,1,1,3,999,2,9,1,3,4,1,4,5,4,1,3,0,2,1,b6ea7603,982
9134.466,14655.719,2451.1655,4,13,1,4,2,1,2,1,2025,2,1,1,535,1,7,1,3,4,2,4,2,4,1,2,0,2,2,14ddabbc,982
189134.47,204655.72,40451.164,5,10,2,1,1,1,1,1,2025,1,1,5,999,2,4,1,5,2,2,2,4,2,1,4,0,2,1,dc082ed7,983
50134.465,53655.72,9451.166,6,8,2,1,4,1,2,1,2025,1,1,5,999,1,8,1,3,2,2,2,2,2,2,2,0,2,2,10df11e1,986
51134.465,55655.72,8451.166,2,13,2,1,1,1,2,1,2025,1,3,4,462,2,8,2,2,2,2,2,2,2,2,4,0,3,2,f6240acc,987
20134.465,25655.719,2451.1655,6,10,2,3,4,1,2,1,2025,2,1,1,999,1,4,1,3,4,1,4,2,4,1,3,0,3,1,87188e1a,990
59134.465,62655.72,10451.166,6,13,2,1,4,1,1,1,2025,1,1,2,999,2,7,1,4,2,2,2,2,2,1,4,0,2,1,26bf65d1,991
119134.47,154655.72,39451.164,5,8,2,1,4,1,1,1,2025,1,1,5,999,2,10,1,4,2,2,2,2,2,1,4,0,3,1,9fb65421,992
58134.465,68655.72,7451.1655,4,13,2,2,4,1,1,1,2025,1,1,5,535,3,7,1,3,2,1,2,4,2,2,2,0,3,1,634cf21e,993
78134.47,82655.72,13451.166,4,4,2,1,2,1,2,1,2025,2,3,2,835,2,5,1,4,2,1,2,2,2,1,3,0,3,1,008b06a1,994
139134.47,174655.72,30451.166,5,13,3,1,4,1,1,2,2025,1,1,5,999,1,7,1,3,4,2,4,2,4,1,2,0,2,1,d3ad55ae,995
14134.466,29655.719,2451.1655,4,13,1,6,4,1,3,1,2025,1,1,2,999,1,7,1,3,2,1,2,2,2,1,3,0,3,1,76f3a695,998
31134.465,35655.72,2451.1655,4,13,2,7,4,1,3,1,2025,1,1,3,999,1,10,1,3,2,2,2,2,2,1,2,0,2,1,59c51a45,999
23134.465,32655.719,3451.1655,2,13,2,6,4,1,3,2,2025,1,1,5,999,1,8,1,4,2,2,2,2,2,1,4,0,2,1,8279b33e,999
9134.466,31655.719,2451.1655,2,11,1,6,4,1,3,2,2025,1,1,5,999,3,5,1,3,2,1,2,2,2,1,3,0,2,1,f81d90c6,1001
45134.465,56655.72,9451.166,5,13,2,6,4,1,3,1,2025,1,3,4,462,1,8,1,2,2,2,2,2,2,1,2,1,2,1,75f0737d,1003
72134.47,79655.72,9451.166,2,8,2,6,1,1,3,1,2025,1,1,5,535,3,8,1,3,2,2,2,5,2,1,2,1,2,2,1f242e85,1004
98134.47,104655.72,21451.166,5,11,3,6,4,1,3,1,2025,1,1,5,835,1,7,1,4,2,2,2,2,2,2,3,0,3,1,4d1e42ed,1005
27134.465,33655.72,4451.1655,6,3,2,7,4,1,3,1,2025,2,3,1,999,1,7,1,2,2,1,2,2,2,1,4,0,3,1,dac3331b,1005
32134.465,30655.719,2452.1655,2,13,2,7,4,1,3,1,2025,1,1,1,999,1,8,1,4,2,2,2,2,2,2,2,1,2,2,a81cf9d9,1006
27134.465,59655.72,5451.1655,5,11,1,2,4,1,3,2,2025,1,1,5,835,1,7,1,4,2,1,2,2,2,1,1,0,1,2,ebe0dd1c,1006
11134.466,22655.719,2451.1655,2,3,1,6,4,1,3,1,2025,2,1,1,999,1,5,1,4,2,1,2,2,2,2,2,0,2,2,ab9063bc,1007
41134.465,66655.72,8451.166,4,8,2,6,4,1,3,2,2025,1,3,2,462,1,8,1,2,2,2,1,2,1,2,1,0,1,2,f2339ca3,1007
21134.465,40655.72,4451.1655,4,13,1,6,1,1,3,1,2025,1,1,5,535,1,4,2,3,2,2,2,2,2,1,3,0,2,3,e25887cf,1008
48134.465,50655.72,3451.1655,2,8,2,7,4,1,3,1,2025,1,1,2,999,1,8,1,3,2,2,1,5,2,1,2,0,1,2,05e424b9,1010
40134.465,43655.72,4451.1655,6,13,2,6,4,1,3,1,2025,1,1,2,999,1,2,1,3,2,1,2,2,2,1,3,0,2,2,0aca1b8f,1013
35134.465,40655.72,4451.1655,4,13,2,6,4,1,3,1,2025,1,1,3,999,1,8,1,3,2,2,2,2,2,3,4,0,3,1,d959ad5b,1014
58134.465,62655.72,7451.1655,2,8,2,7,1,1,3,1,2025,1,1,2,933,1,10,2,5,2,2,2,4,2,1,4,0,3,1,f9945d7b,1014
60134.465,71655.72,11451.166,6,13,2,6,4,1,3,1,2025,1,3,2,999,1,5,1,4,2,2,2,2,2,1,4,0,3,3,4ce631b5,1015
24134.465,32655.719,2452.1655,4,13,1,6,2,1,3,1,2025,1,1,2,535,1,8,1,3,2,2,2,4,2,1,2,0,2,3,3050a885,1016
42134.465,49655.72,9451.166,2,8,2,6,4,1,3,1,2025,2,1,2,835,1,8,1,4,2,2,2,2,2,1,3,0,3,3,4bb68286,1026
21134.465,25655.719,2451.1655,4,5,2,6,1,1,3,1,2025,1,1,1,999,1,7,3,1,2,2,2,2,2,1,2,1,2,3,60c4f48d,1027
12134.466,20655.719,2451.1655,4,13,2,7,4,1,3,1,2025,2,1,1,825,1,7,1,4,2,1,2,4,2,3,4,0,3,1,98e158a9,1028
37134.465,42655.72,2452.1655,4,10,2,6,1,1,3,1,2025,1,1,2,535,1,6,3,3,2,1,2,4,2,2,3,0,2,2,b74ccff0,1029
67134.47,68655.72,8451.166,5,8,2,6,2,1,3,1,2025,1,1,2,999,1,3,1,5,2,2,2,2,2,1,2,1,2,3,f9430ea1,1030
39134.465,45655.72,8451.166,4,13,2,6,4,1,3,1,2025,1,1,2,999,1,7,1,3,2,2,2,3,2,2,4,0,3,1,d0a0ecde,1030
39134.465,45655.72,5451.1655,2,13,1,6,4,1,3,1,2025,1,1,1,535,1,6,1,3,2,2,2,4,2,1,2,0,2,2,89ea7f05,1031
20134.465,24655.719,2451.1655,4,13,2,6,4,1,3,1,2025,1,1,1,999,1,7,1,5,2,2,2,2,2,1,2,0,2,3,77b977df,1031
91134.47,106655.72,17451.166,2,10,3,6,4,1,3,1,2025,1,2,5,462,3,7,1,2,2,1,2,2,2,2,3,0,2,1,fdac0135,1033
17134.465,30655.719,2452.1655,5,13,99,7,1,2,3,2,2025,1,1,5,933,3,7,1,5,2,1,2,4,2,2,3,0,2,3,92b86b91,1033
37134.465,47655.72,4451.1655,6,8,99,7,4,2,3,1,2025,1,3,3,999,1,8,1,2,2,2,1,2,2,3,1,0,1,2,bf847477,1034
73134.47,73655.72,16451.166,5,13,2,6,4,1,3,1,2025,1,1,4,825,1,2,1,4,2,2,2,2,2,1,2,1,2,2,03a401d9,1034
41134.465,48655.72,6451.1655,6,4,2,6,4,1,3,1,2025,1,2,2,462,1,4,1,2,2,1,2,2,2,1,4,0,3,1,6e7c6f25,1035
39134.465,53655.72,7451.1655,4,1,2,6,4,1,3,1,2025,1,1,2,835,1,5,1,4,2,1,1,2,1,1,1,0,1,2,43390650,1037
62134.465,79655.72,13451.166,6,7,2,7,4,1,3,1,2025,1,1,5,999,3,7,1,3,5,2,1,2,5,1,4,0,3,1,36451a6d,1054
62134.465,79655.72,13451.166,6,7,2,7,4,1,3,1,2025,1,1,5,999,3,7,1,3,5,2,1,2,5,1,4,0,3,1,731ba2f2,1054
