EMPIN,TOTINC,INCTAX,POWST,CIP,HRSWRK,CFSTAT,GENSTAT,LFTAG,CF_RP,COW,YEAR,ATTSCH,KOL,AGEGRP,CMA,MARSTH,NOCS,CITIZEN,PR,HHSIZE,SEX,CFSIZE,MODE,EFSIZE,REPAIR,ROOM,CONDO,BEDRM,DTYPE,PID,SIM_HH_ID,MATCH_ID_WD,MATCH_TIER_WD,MATCH_ID_WE,MATCH_TIER_WE
38134.465,42655.72,2451.1655,4,4,2,5,1,1,3,1,2025,1,3,2,462,1,5,2,2,1,1,1,4,1,1,2,0,2,2,94842226,145,4406.0,1_Perfect,9223.0,1_Perfect
40134.465,59655.72,10451.166,2,13,99,5,4,2,3,1,2025,1,1,4,462,1,8,1,2,1,2,1,2,1,1,2,1,1,2,31452985,146,11273.0,2_Drivers,4431.0,2_Drivers
32134.465,54655.72,3451.1655,4,10,2,5,4,1,3,1,2025,1,1,4,999,1,7,1,5,1,1,1,3,1,1,2,0,2,2,b1ad9ace,150,7701.0,2_Drivers,10851.0,2_Drivers
35134.465,42655.72,4451.1655,4,3,2,5,1,1,3,1,2025,1,1,4,999,1,5,3,1,1,2,1,2,1,1,2,0,2,2,0fdf5172,153,4815.0,2_Drivers,11172.0,2_Drivers
68134.47,98655.72,19451.166,4,13,2,5,4,1,3,1,2025,1,1,4,835,3,2,1,4,1,1,1,2,1,2,3,0,2,1,b72e2983,156,3357.0,1_Perfect,5619.0,2_Drivers
36134.465,59655.72,8451.166,2,13,2,5,4,1,3,1,2025,1,1,3,999,3,8,1,3,1,2,1,2,1,1,2,1,1,2,0205d4b0,161,3214.0,1_Perfect,6657.0,1_Perfect
52134.465,65655.72,6451.1655,4,2,2,3,2,1,2,1,2025,1,1,2,535,1,5,1,3,1,1,4,2,4,1,4,0,3,1,0bb63b2d,162,3450.0,2_Drivers,13003.0,1_Perfect
39134.465,40655.72,4451.1655,2,13,2,5,4,1,3,1,2025,1,1,3,933,1,8,1,5,1,2,3,2,1,1,1,1,1,2,f7c3684a,166,1218.0,2_Drivers,12749.0,2_Drivers
46134.465,73655.72,11451.166,2,8,2,5,1,1,3,1,2025,1,1,4,825,3,7,1,4,1,2,1,2,1,1,1,1,2,2,b78b565f,175,3374.0,1_Perfect,11311.0,2_Drivers
10134.466,20655.719,2451.1655,4,13,2,5,4,1,3,1,2025,1,2,1,999,1,8,1,2,1,2,1,2,1,1,1,0,1,2,e068494d,176,11259.0,2_Drivers,12686.0,2_Drivers
76134.47,84655.72,17451.166,4,8,2,5,3,1,3,1,2025,1,1,3,825,1,8,1,4,1,2,1,2,1,1,3,0,2,1,83f5a789,177,2923.0,1_Perfect,6657.0,2_Drivers
71134.47,82655.72,13451.166,4,13,3,5,4,1,3,1,2025,1,1,4,999,3,9,1,1,1,2,1,2,1,1,3,0,2,2,c6236ea1,179,7687.0,2_Drivers,7748.0,2_Drivers
37134.465,54655.72,6451.1655,5,11,2,5,1,1,3,1,2025,2,4,4,535,3,7,2,3,1,1,1,2,1,1,2,0,2,3,3db0eb57,181,6613.0,2_Drivers,11732.0,2_Drivers
48134.465,75655.72,14451.166,4,8,2,5,1,1,3,1,2025,1,1,3,535,3,7,2,3,1,2,1,2,1,1,2,0,2,1,f82a640f,182,1251.0,2_Drivers,4226.0,2_Drivers
85134.47,103655.72,14451.166,6,5,2,2,2,1,1,1,2025,1,1,4,535,3,10,1,3,1,1,3,2,3,2,1,0,2,2,ed51a0c3,186,9217.0,2_Drivers,1934.0,2_Drivers
45134.465,54655.72,8451.166,4,13,2,5,4,1,3,1,2025,1,1,5,462,1,7,1,2,1,2,1,2,1,1,2,0,3,1,9e080910,188,1227.0,2_Drivers,10546.0,2_Drivers
21134.465,23655.719,2451.1655,5,13,2,3,4,1,2,1,2025,1,1,1,999,1,8,1,3,1,2,1,2,1,1,2,0,2,1,530f857f,192,11623.0,2_Drivers,1023.0,1_Perfect
88134.47,102655.72,19451.166,6,10,2,5,1,1,3,1,2025,2,3,4,462,3,5,2,2,1,1,1,2,1,1,2,0,2,3,1c759c62,240,11573.0,2_Drivers,1489.0,2_Drivers
62134.465,67655.72,11451.166,6,4,2,5,4,1,3,1,2025,1,1,3,999,1,7,1,3,1,1,1,2,1,1,3,0,2,2,a473231a,241,12893.0,2_Drivers,2057.0,1_Perfect
57134.465,70655.72,11451.166,4,13,2,5,4,1,3,1,2025,1,3,2,999,1,8,1,3,1,2,1,4,1,2,3,0,2,1,38d26b25,244,3636.0,2_Drivers,3023.0,2_Drivers
109134.47,124655.72,29451.166,5,8,2,5,1,1,3,1,2025,1,1,5,825,3,3,2,4,1,2,1,2,1,1,2,0,2,1,ab7f2d64,246,12682.0,2_Drivers,13237.0,2_Drivers
37134.465,52655.72,7451.1655,4,13,1,5,4,1,3,1,2025,1,1,5,535,1,2,1,3,1,2,1,4,1,1,2,0,2,2,271c5cb7,247,11442.0,2_Drivers,10474.0,2_Drivers
27134.465,33655.72,3451.1655,4,4,1,3,4,1,2,1,2025,2,1,2,825,1,7,1,4,1,2,4,3,1,1,4,0,2,1,853c2c14,251,9503.0,2_Drivers,10736.0,3_Constraints
66134.47,99655.72,19451.166,4,13,3,5,2,1,3,2,2025,1,1,4,999,3,2,1,5,1,2,1,2,1,2,3,0,3,1,18e2bec5,253,10954.0,2_Drivers,3014.0,2_Drivers
29134.465,48655.72,2451.1655,4,13,2,2,3,1,3,1,2025,2,1,3,999,3,4,1,3,1,1,1,2,1,1,1,0,1,2,b42dade5,254,5014.0,2_Drivers,2769.0,1_Perfect
45134.465,43655.72,4451.1655,5,13,2,5,4,1,3,1,2025,1,1,4,933,1,8,1,5,1,2,1,2,1,2,2,0,2,1,a8a73c3d,255,4574.0,1_Perfect,8460.0,1_Perfect
57134.465,76655.72,10451.166,2,11,99,5,4,2,3,1,2025,1,3,2,462,1,7,1,2,1,1,1,3,1,1,4,0,2,1,d39e41f5,257,7855.0,2_Drivers,10623.0,2_Drivers
43134.465,49655.72,6451.1655,4,13,2,5,1,1,3,1,2025,1,1,4,999,1,8,3,3,1,2,1,2,1,1,2,0,2,1,271d042f,258,2877.0,1_Perfect,1431.0,2_Drivers
25134.465,32655.719,2451.1655,6,10,2,5,4,1,3,1,2025,2,1,1,999,1,10,1,1,1,1,1,2,1,1,4,0,3,1,074a0ae8,263,11371.0,2_Drivers,4898.0,2_Drivers
52134.465,100655.72,17451.166,4,4,99,5,4,2,3,1,2025,1,1,7,835,3,7,1,4,1,1,1,4,1,2,4,0,3,1,d5ed1fe6,264,4995.0,2_Drivers,4210.0,2_Drivers
59134.465,66655.72,9451.166,6,5,2,5,3,1,3,1,2025,1,3,1,462,1,7,1,2,1,2,1,2,1,3,2,0,2,3,697d3ac8,265,7562.0,2_Drivers,12686.0,2_Drivers
74134.47,85655.72,18451.166,5,10,2,5,1,1,3,1,2025,1,1,2,933,1,5,3,5,1,2,1,2,1,2,4,0,3,1,d69e600b,266,5266.0,2_Drivers,4795.0,2_Drivers
49134.465,63655.72,8451.166,4,13,2,5,4,1,3,1,2025,1,3,5,999,1,7,1,3,1,1,1,4,1,1,4,0,3,1,ea0461fc,272,3146.0,2_Drivers,1666.0,2_Drivers
65134.465,79655.72,17451.166,4,5,2,5,4,1,3,1,2025,1,1,2,999,1,2,1,4,1,2,1,5,1,1,3,0,2,1,15fe70c4,279,12243.0,2_Drivers,2495.0,2_Drivers
54134.465,89655.72,12451.166,6,10,1,5,4,1,1,2,2025,1,3,3,462,2,4,1,2,1,1,4,2,4,2,1,1,2,2,addce855,284,1569.0,2_Drivers,9542.0,3_Constraints
26134.465,38655.72,2452.1655,4,13,2,5,1,1,3,1,2025,1,2,5,999,3,7,2,2,1,1,1,3,1,1,2,0,1,2,e2cf9077,285,4160.0,2_Drivers,5478.0,2_Drivers
67134.47,82655.72,18451.166,7,5,2,5,4,1,3,1,2025,1,1,3,999,1,2,1,1,1,2,1,2,1,1,2,0,2,2,db19ed66,286,11571.0,2_Drivers,5859.0,2_Drivers
56134.465,78655.72,11451.166,4,10,2,5,4,1,3,1,2025,1,1,4,999,1,4,1,3,1,1,1,2,1,1,3,0,3,1,569819a6,287,3325.0,1_Perfect,8489.0,1_Perfect
40134.465,55655.72,8451.166,4,8,99,5,4,2,3,1,2025,1,1,2,835,1,8,1,4,1,2,1,3,1,1,1,0,1,2,53b407b8,289,3719.0,2_Drivers,7772.0,2_Drivers
58134.465,66655.72,16451.166,2,8,2,5,4,1,3,1,2025,1,3,2,462,1,8,1,2,1,2,1,2,1,1,4,0,3,1,bad48d10,294,5683.0,1_Perfect,4967.0,2_Drivers
29134.465,47655.72,2452.1655,4,13,2,5,4,1,3,1,2025,1,1,5,933,3,8,1,5,1,1,1,2,1,1,1,0,1,2,cd76f0de,298,4194.0,2_Drivers,3035.0,2_Drivers
9134.466,34655.72,3451.1655,4,13,1,5,1,1,3,2,2025,1,1,6,535,3,7,2,3,1,2,1,2,1,2,4,0,2,1,a601f41a,301,7290.0,2_Drivers,12628.0,3_Constraints
44134.465,76655.72,12451.166,4,5,2,5,4,1,3,2,2025,1,1,4,999,1,2,1,5,1,2,1,2,1,1,2,0,2,1,12893e32,307,4924.0,2_Drivers,13198.0,2_Drivers
74134.47,79655.72,15451.166,5,8,2,5,4,1,3,1,2025,1,2,4,999,2,10,1,2,1,2,1,2,1,2,4,0,3,1,70ac5f4d,311,7496.0,2_Drivers,5608.0,2_Drivers
45134.465,47655.72,4451.1655,5,5,2,6,1,1,3,1,2025,1,1,4,933,3,2,2,5,1,1,1,2,1,1,1,0,1,2,9397810c,313,7857.0,1_Perfect,10606.0,1_Perfect
48134.465,50655.72,7451.1655,5,13,2,5,1,1,3,1,2025,1,1,2,825,1,10,3,4,1,2,1,2,1,2,3,0,2,1,de6ecf14,314,11895.0,2_Drivers,9076.0,2_Drivers
22134.465,48655.72,3451.1655,4,13,1,5,4,1,3,1,2025,1,1,6,999,3,7,1,4,1,1,1,3,1,1,3,0,2,3,2d591c36,317,6513.0,2_Drivers,12628.0,2_Drivers
33134.465,57655.72,2451.1655,2,11,99,5,1,2,3,1,2025,1,3,3,462,3,8,2,2,1,2,1,2,1,1,1,0,1,2,e7dcf446,318,8670.0,2_Drivers,2034.0,2_Drivers
67134.47,72655.72,13451.166,6,8,2,5,4,1,3,1,2025,1,2,2,462,1,3,1,2,1,2,1,2,1,3,2,0,2,2,42329cf5,395,4035.0,1_Perfect,5289.0,2_Drivers
80134.47,92655.72,15451.166,6,11,2,5,4,1,3,1,2025,1,1,3,999,1,5,1,3,1,2,1,2,1,1,3,0,3,3,7a8e387e,397,9471.0,1_Perfect,7789.0,1_Perfect
51134.465,55655.72,6451.1655,4,5,2,1,4,1,3,1,2025,1,1,2,999,1,5,1,3,1,1,1,2,1,1,4,0,3,1,066f1a8e,399,5907.0,2_Drivers,4559.0,1_Perfect
55134.465,67655.72,12451.166,4,7,2,5,4,1,3,1,2025,1,1,5,535,1,5,1,3,1,2,1,2,1,1,3,0,2,2,14b9689b,401,11364.0,1_Perfect,12658.0,2_Drivers
23134.465,45655.72,3451.1655,5,13,1,5,1,1,3,1,2025,1,2,7,462,3,7,2,2,1,2,1,2,1,2,2,0,2,1,d7cb5b96,408,1939.0,3_Constraints,6055.0,3_Constraints
44134.465,56655.72,7451.1655,5,13,2,5,4,1,3,1,2025,1,1,5,933,1,10,1,5,1,1,1,2,1,1,2,0,2,1,bc888552,415,4575.0,2_Drivers,2876.0,2_Drivers
27134.465,64655.72,8451.166,4,13,1,5,4,1,3,1,2025,1,1,7,999,3,8,1,3,1,2,1,2,1,1,3,0,2,1,43969a93,421,1939.0,3_Constraints,6055.0,3_Constraints
359134.47,386579.72,75451.164,4,6,2,5,4,1,3,1,2025,1,1,2,999,1,3,1,5,1,2,1,2,1,1,3,0,2,1,94cdec1e,424,10121.0,1_Perfect,6800.0,2_Drivers
82134.47,92655.72,23451.166,5,4,2,5,1,1,3,1,2025,1,3,4,462,1,7,2,2,1,2,4,2,1,1,4,0,3,1,9d220a5f,440,12636.0,2_Drivers,1426.0,2_Drivers
60134.465,89655.72,15451.166,6,10,2,5,4,1,3,1,2025,1,2,5,999,3,4,1,2,1,1,1,2,1,1,2,1,2,2,0c06bac5,447,11092.0,1_Perfect,9714.0,2_Drivers
53134.465,62655.72,10451.166,4,8,2,5,1,1,3,1,2025,1,1,2,535,1,3,3,3,1,2,1,4,1,1,2,0,2,2,5804b53a,448,6812.0,2_Drivers,4795.0,2_Drivers
57134.465,56655.72,5451.1655,5,4,2,5,4,1,3,1,2025,2,1,2,999,1,2,1,3,1,1,1,5,1,1,2,0,2,3,47d1369a,449,8709.0,2_Drivers,9449.0,2_Drivers
53134.465,84655.72,11451.166,6,13,3,5,4,1,3,1,2025,1,3,6,999,3,7,1,2,1,1,1,2,1,1,3,0,2,1,76938e2e,450,12142.0,3_Constraints,10277.0,3_Constraints
38134.465,60655.72,6451.1655,6,13,99,5,1,2,3,1,2025,1,3,4,462,3,2,2,2,1,1,1,2,1,1,1,1,1,3,e251fb8e,454,7525.0,1_Perfect,8506.0,2_Drivers
70134.47,73655.72,14451.166,4,13,2,1,4,1,2,1,2025,1,1,2,835,1,10,1,4,2,2,2,2,2,1,4,0,2,1,5e76bdc7,458,12057.0,2_Drivers,5681.0,2_Drivers
49134.465,59655.72,6451.1655,4,10,2,1,4,1,2,1,2025,1,1,3,999,2,4,1,3,4,1,4,2,4,2,4,0,2,1,018cac49,459,11004.0,2_Drivers,9827.0,1_Perfect
39134.465,53655.72,6451.1655,4,13,2,1,4,1,1,1,2025,1,3,2,462,1,4,1,2,3,1,3,2,3,1,4,0,2,1,a584111e,461,6202.0,2_Drivers,11734.0,2_Drivers
52134.465,67655.72,7451.1655,2,7,1,1,1,1,2,1,2025,1,1,3,535,2,7,2,3,5,1,5,4,5,1,4,0,2,1,18e7d480,463,10564.0,2_Drivers,4735.0,2_Drivers
31134.465,48655.72,6451.1655,5,13,2,1,4,1,1,2,2025,1,1,3,933,1,6,1,5,2,1,2,2,2,2,1,1,1,2,c84a30eb,464,5062.0,2_Drivers,5214.0,2_Drivers
45134.465,55655.72,6451.1655,4,13,2,1,3,1,1,1,2025,1,1,4,999,2,7,1,4,2,1,2,2,2,1,3,0,3,1,78cf997f,467,12712.0,1_Perfect,10045.0,1_Perfect
108134.47,111655.72,19451.166,5,8,2,1,1,1,2,1,2025,1,1,3,933,2,3,2,5,4,1,4,2,4,1,3,0,2,1,882cd9c3,469,2223.0,2_Drivers,4026.0,2_Drivers
50134.465,75655.72,13451.166,2,13,1,1,4,1,1,1,2025,1,1,5,999,2,9,1,5,2,2,2,2,2,1,3,1,2,1,911e94f3,470,6477.0,2_Drivers,10932.0,2_Drivers
73134.47,99655.72,22451.166,4,5,99,1,1,2,1,1,2025,1,3,5,462,2,2,2,2,4,1,4,2,4,1,4,0,3,1,253a8dd3,471,12028.0,2_Drivers,9120.0,2_Drivers
70134.47,77655.72,15451.166,4,13,2,1,4,1,1,1,2025,1,2,3,462,1,1,1,2,2,2,2,2,2,1,3,0,2,1,8c294f13,486,6038.0,2_Drivers,8478.0,2_Drivers
9134.466,21655.719,2451.1655,2,13,2,1,1,1,2,2,2025,1,4,4,535,2,7,3,3,3,2,3,2,3,1,2,0,2,3,462da416,486,6426.0,2_Drivers,4705.0,2_Drivers
67134.47,102655.72,17451.166,4,10,2,1,3,1,1,1,2025,1,1,6,999,2,4,1,3,2,1,2,2,2,1,2,0,2,3,111e7a51,488,5905.0,2_Drivers,11901.0,1_Perfect
92134.47,134655.72,21451.166,4,10,2,2,1,1,1,1,2025,1,1,3,835,3,4,2,4,2,1,2,5,2,1,2,1,1,2,e078d172,489,11378.0,2_Drivers,6275.0,2_Drivers
49134.465,54655.72,6451.1655,4,13,3,1,4,1,1,1,2025,1,1,1,999,1,8,1,3,3,2,3,3,3,1,2,0,2,1,78101754,490,11186.0,2_Drivers,11771.0,3_Constraints
9134.466,16655.719,2451.1655,4,13,1,4,4,1,2,1,2025,1,1,1,999,1,7,1,5,2,2,2,2,2,1,4,0,3,1,88119107,490,3946.0,3_Constraints,8763.0,3_Constraints
24134.465,33655.72,3451.1655,2,13,2,1,4,1,2,2,2025,1,3,3,999,2,8,1,4,5,2,5,2,5,1,3,0,3,1,5cfbda37,497,7631.0,2_Drivers,9066.0,2_Drivers
51134.465,61655.72,6451.1655,5,13,1,1,3,1,1,1,2025,1,1,4,933,1,5,1,5,3,1,3,2,3,1,4,0,3,1,bf2751c0,498,10598.0,2_Drivers,5789.0,2_Drivers
34134.465,48655.72,4451.1655,5,10,1,1,3,1,2,1,2025,1,1,3,999,2,4,1,1,4,1,4,2,4,1,1,1,1,2,bd7d6b52,500,7086.0,2_Drivers,6808.0,2_Drivers
34134.465,41655.72,6451.1655,6,4,1,1,4,1,2,1,2025,2,3,1,462,1,7,1,2,2,2,2,2,2,2,3,0,2,1,7d5a9ae2,501,3946.0,3_Constraints,8763.0,3_Constraints
108134.47,144655.72,24451.166,5,8,3,1,4,1,2,2,2025,1,1,4,999,2,9,1,4,3,2,3,2,3,3,2,0,2,1,a04de41c,501,5297.0,2_Drivers,6756.0,2_Drivers
48134.465,57655.72,6451.1655,4,1,2,1,1,1,1,1,2025,1,2,2,999,1,7,3,2,4,1,4,4,4,1,4,0,3,1,9a4c65f7,503,3479.0,2_Drivers,8325.0,2_Drivers
129134.47,134655.72,86451.164,6,13,2,1,4,1,1,1,2025,1,3,5,462,1,7,1,2,2,2,2,2,2,1,4,0,3,1,0ae4ea92,504,10248.0,1_Perfect,8908.0,2_Drivers
30134.465,61655.72,4451.1655,4,13,99,2,2,2,1,2,2025,1,1,2,933,3,7,1,5,2,1,2,2,2,1,2,0,2,2,2be5a80d,506,2800.0,2_Drivers,1243.0,3_Constraints
27134.465,42655.72,2451.1655,2,4,1,2,1,1,1,1,2025,1,1,2,999,1,5,1,3,3,1,3,2,3,1,2,0,2,2,f8977b3e,515,11180.0,2_Drivers,8708.0,2_Drivers
50134.465,59655.72,8451.166,2,8,2,1,4,1,1,1,2025,1,1,2,999,1,8,1,2,2,2,2,2,2,1,2,1,2,3,c5ab9bd2,516,11329.0,2_Drivers,8649.0,2_Drivers
96134.47,110655.72,16451.166,6,5,3,1,4,1,2,2,2025,1,3,3,462,1,7,1,2,4,2,4,2,4,3,3,0,2,1,2be15928,516,1852.0,2_Drivers,3045.0,2_Drivers
31134.465,48655.72,5451.1655,4,13,1,1,3,1,2,1,2025,1,1,5,535,2,7,1,3,2,1,2,2,2,1,4,0,3,1,1b029990,517,3682.0,1_Perfect,3257.0,2_Drivers
9134.466,32655.719,2451.1655,2,13,1,2,4,1,1,2,2025,1,1,4,999,3,7,1,3,2,1,2,2,2,3,4,0,3,3,c5e6e8ec,518,9432.0,2_Drivers,8743.0,2_Drivers
36134.465,49655.72,5451.1655,4,11,2,1,4,1,2,1,2025,1,1,2,535,2,7,1,3,2,1,2,5,2,2,4,0,3,1,28de3b20,518,8509.0,2_Drivers,8863.0,2_Drivers
41134.465,38655.72,3451.1655,5,8,2,3,4,1,2,1,2025,1,1,3,999,1,8,1,3,4,2,3,2,4,1,3,0,2,1,10e271a4,519,2479.0,2_Drivers,2196.0,2_Drivers
503318.47,613163.75,168106.17,4,8,3,1,1,1,1,2,2025,1,1,3,535,2,1,2,3,4,2,4,2,4,1,4,0,2,1,5f8faedc,520,5877.0,2_Drivers,3045.0,2_Drivers
51134.465,62655.72,10451.166,2,8,99,1,3,2,2,1,2025,1,1,2,999,1,8,1,5,2,2,2,2,2,1,3,0,2,1,67e17104,522,8364.0,2_Drivers,2301.0,2_Drivers
84134.47,82655.72,11451.166,4,1,2,1,4,1,1,1,2025,1,1,3,999,2,5,1,1,4,2,4,2,4,2,4,0,2,1,b14f3d39,529,1890.0,1_Perfect,10720.0,2_Drivers
42134.465,45655.72,2452.1655,4,8,2,1,1,1,2,1,2025,1,1,3,535,2,5,2,3,4,2,4,2,4,2,2,0,2,2,f26b32bb,530,2520.0,1_Perfect,2196.0,2_Drivers
75134.47,96655.72,20451.166,4,5,99,1,1,2,1,1,2025,1,1,4,535,2,2,2,3,3,2,3,2,3,1,2,1,2,2,3832f9a6,532,10151.0,2_Drivers,1914.0,2_Drivers
58134.465,63655.72,9451.166,2,11,3,1,4,1,2,1,2025,1,1,3,999,2,8,1,4,4,2,4,2,4,2,4,0,3,1,35f1bcab,532,7922.0,1_Perfect,11073.0,2_Drivers
16134.466,32655.719,2452.1655,2,4,2,1,3,1,1,2,2025,2,1,2,999,1,5,1,3,2,1,2,2,2,1,4,0,3,1,e978af05,533,3253.0,2_Drivers,10664.0,2_Drivers
38134.465,53655.72,6451.1655,4,1,2,1,4,1,1,1,2025,1,1,5,933,2,2,1,5,2,1,2,2,2,2,1,0,1,2,da80ec47,535,6879.0,1_Perfect,11015.0,1_Perfect
52134.465,62655.72,12451.166,4,13,2,1,4,1,2,1,2025,1,1,2,999,1,7,1,3,2,2,2,3,2,1,4,0,3,1,3b794b64,535,6618.0,2_Drivers,3419.0,2_Drivers
109134.47,134655.72,32451.166,4,8,2,1,4,1,1,1,2025,1,1,2,933,2,10,1,5,2,2,2,2,2,1,2,0,2,1,0d01255f,537,7959.0,2_Drivers,2161.0,2_Drivers
24134.465,50655.72,8451.166,2,4,1,1,4,1,1,2,2025,1,3,4,462,1,9,1,2,2,2,2,2,2,2,2,0,2,1,4b979de6,538,8658.0,2_Drivers,8201.0,2_Drivers
59134.465,85655.72,15451.166,2,11,2,1,4,1,1,2,2025,1,3,3,462,1,8,1,2,2,2,2,2,2,2,3,0,3,2,404920b2,539,4739.0,1_Perfect,9671.0,2_Drivers
69134.47,87655.72,10451.166,4,7,99,1,4,2,1,1,2025,1,1,2,999,1,3,1,4,3,1,3,2,3,2,2,0,3,1,93dced0e,540,12688.0,2_Drivers,8505.0,2_Drivers
18134.465,25655.719,2451.1655,4,13,99,1,1,2,2,1,2025,1,1,4,535,2,7,2,3,5,1,5,2,5,2,3,0,2,3,20c0787d,540,5947.0,2_Drivers,8124.0,3_Constraints
50134.465,66655.72,7451.1655,5,4,1,1,4,1,1,1,2025,1,1,2,999,1,5,1,3,2,1,2,2,2,1,4,0,3,1,27488355,541,10609.0,2_Drivers,12622.0,2_Drivers
35134.465,52655.72,5451.1655,4,13,99,1,4,2,2,1,2025,1,1,5,999,2,10,1,1,2,1,2,2,2,1,3,0,2,1,fd600a22,553,4952.0,2_Drivers,4860.0,2_Drivers
37134.465,41655.72,3451.1655,4,13,2,1,4,1,1,1,2025,1,1,2,999,1,7,1,3,3,1,3,4,3,1,2,0,2,1,a3e60ec5,555,6041.0,2_Drivers,2167.0,2_Drivers
81134.47,84655.72,18451.166,6,3,2,1,4,1,2,1,2025,1,3,5,462,1,5,1,2,2,2,2,4,2,1,2,0,2,1,f10af1c8,555,12898.0,2_Drivers,9450.0,2_Drivers
27134.465,34655.72,3451.1655,4,13,99,4,4,2,2,1,2025,1,1,2,535,1,8,1,3,3,2,3,2,3,1,3,0,2,1,cc9f8fb3,557,2250.0,2_Drivers,8723.0,2_Drivers
48134.465,52655.72,7451.1655,4,5,2,1,1,1,2,1,2025,1,3,2,999,2,2,3,2,2,1,2,5,2,1,1,1,2,2,8993fada,558,7068.0,2_Drivers,3525.0,2_Drivers
86134.47,88655.72,16451.166,6,13,2,1,4,1,2,1,2025,1,1,4,535,2,2,1,3,2,1,2,2,2,1,4,0,3,1,de49faa3,558,12854.0,1_Perfect,1547.0,2_Drivers
96134.47,101655.72,17451.166,4,13,2,1,1,1,1,1,2025,1,1,5,535,2,10,2,3,2,1,2,4,2,2,3,0,2,1,7f998a8e,560,9955.0,2_Drivers,7319.0,2_Drivers
71134.47,85655.72,18451.166,4,13,2,1,4,1,1,1,2025,1,3,4,933,2,7,1,3,5,2,5,3,5,1,4,0,3,1,33b07491,562,8387.0,1_Perfect,8572.0,2_Drivers
54134.465,74655.72,8451.166,6,4,2,1,1,1,2,2,2025,1,1,2,535,1,4,2,3,2,1,2,4,2,1,3,1,3,2,848aef28,562,3582.0,2_Drivers,5547.0,2_Drivers
33134.465,57655.72,7451.1655,4,13,2,1,4,1,2,2,2025,1,1,4,999,2,4,1,5,2,1,2,2,2,1,2,0,3,1,55e1216d,562,10211.0,2_Drivers,7642.0,2_Drivers
37134.465,35655.72,3451.1655,2,13,2,1,1,1,2,1,2025,1,1,5,999,2,8,3,3,4,2,4,2,4,2,4,0,3,1,4fe7a631,563,3430.0,1_Perfect,8007.0,1_Perfect
37134.465,36655.72,2452.1655,5,13,2,1,4,1,2,1,2025,1,2,3,999,2,7,1,1,4,1,4,2,4,3,2,1,2,2,c80247c6,563,5521.0,2_Drivers,12783.0,2_Drivers
85134.47,95655.72,23451.166,4,5,2,1,4,1,2,1,2025,1,1,4,999,2,5,1,4,3,2,3,2,3,2,3,0,2,1,08c78c61,566,13245.0,2_Drivers,1025.0,1_Perfect
81134.47,94655.72,10451.166,4,5,3,2,1,1,1,1,2025,1,1,3,999,3,10,3,2,2,2,2,2,2,1,2,0,2,1,0960cb7a,567,4868.0,2_Drivers,9285.0,2_Drivers
149134.47,144655.72,32451.166,4,8,2,1,1,1,1,1,2025,1,1,4,933,2,3,2,5,2,2,2,2,2,1,4,0,3,1,e5e0662d,568,6906.0,2_Drivers,3482.0,2_Drivers
52134.465,59655.72,10451.166,6,13,2,1,4,1,2,1,2025,1,3,3,462,1,10,1,2,4,2,4,2,4,2,2,0,2,2,25a1d7af,568,6663.0,2_Drivers,9251.0,2_Drivers
46134.465,65655.72,9451.166,4,8,3,1,2,1,2,1,2025,1,1,3,999,2,9,1,5,5,2,5,2,5,1,1,1,2,2,93cf6bab,569,1503.0,1_Perfect,13331.0,2_Drivers
55134.465,66655.72,11451.166,4,10,2,1,1,1,1,1,2025,1,4,4,535,1,7,3,3,3,1,3,4,3,1,4,0,3,1,51f3ef4e,570,9805.0,2_Drivers,5499.0,2_Drivers
87134.47,91655.72,13451.166,4,1,2,1,4,1,1,1,2025,1,1,4,999,2,5,1,4,4,1,4,2,4,2,4,0,3,1,715e68db,571,2308.0,1_Perfect,7136.0,1_Perfect
47134.465,47655.72,4451.1655,5,5,2,1,4,1,2,1,2025,1,2,2,999,1,2,1,2,3,1,3,2,3,2,2,0,2,1,90481ee8,571,2337.0,2_Drivers,10920.0,2_Drivers
78134.47,96655.72,16451.166,4,5,2,1,1,1,1,1,2025,1,1,5,933,2,7,2,5,2,1,2,4,2,1,4,0,3,1,3bdbf63d,572,4219.0,2_Drivers,4925.0,2_Drivers
41134.465,45655.72,5451.1655,4,13,2,1,4,1,1,1,2025,1,3,2,999,1,8,1,3,3,2,3,2,3,1,3,0,2,2,b963f8fb,573,8359.0,2_Drivers,7615.0,2_Drivers
62134.465,70655.72,13451.166,4,13,2,1,4,1,1,1,2025,1,2,5,999,1,10,1,2,2,2,2,2,2,1,4,0,3,1,e6b7ed56,574,1131.0,2_Drivers,1648.0,2_Drivers
109134.47,124655.72,24451.166,6,9,2,1,1,1,1,1,2025,1,1,4,535,2,10,2,3,3,2,3,2,3,1,4,0,3,1,b6f8769b,576,5483.0,2_Drivers,4092.0,1_Perfect
65134.465,68655.72,11451.166,4,13,2,1,4,1,2,1,2025,2,3,1,835,2,8,1,4,2,2,2,5,2,1,4,0,2,1,fa5e38d4,576,5806.0,2_Drivers,2740.0,2_Drivers
44134.465,49655.72,7451.1655,5,13,2,1,1,1,1,1,2025,2,1,2,933,2,4,3,5,3,2,3,2,3,1,3,0,3,1,1f6e68b8,577,4221.0,2_Drivers,2458.0,2_Drivers
28134.465,29655.719,2451.1655,6,4,2,1,3,1,2,1,2025,1,1,2,999,1,4,1,3,2,1,2,2,2,1,2,0,2,3,c61b765c,578,4296.0,1_Perfect,6874.0,2_Drivers
36134.465,44655.72,4451.1655,2,13,2,1,1,1,1,1,2025,1,1,2,999,2,8,3,4,2,2,2,2,2,1,2,1,2,2,824f5725,579,11691.0,1_Perfect,6701.0,1_Perfect
129134.47,184655.72,39451.164,4,10,2,1,4,1,1,1,2025,1,1,5,999,2,4,1,3,2,2,2,2,2,1,4,0,3,1,2a52b6df,583,7679.0,2_Drivers,8908.0,2_Drivers
8134.466,14655.719,2451.1655,4,13,1,3,1,1,2,1,2025,2,1,1,535,1,7,2,3,4,1,4,5,4,1,2,0,2,2,65dee670,588,13092.0,2_Drivers,5279.0,2_Drivers
25134.465,33655.72,2451.1655,5,8,1,1,3,1,2,1,2025,1,1,4,999,1,8,1,5,2,2,2,2,2,1,4,0,2,1,c6b79f3b,590,5710.0,2_Drivers,2190.0,3_Constraints
139134.47,164655.72,23451.166,4,6,2,1,4,1,1,1,2025,1,3,3,825,1,5,1,4,2,1,2,5,2,2,3,1,2,3,6efa9ad9,591,1714.0,2_Drivers,6600.0,2_Drivers
43134.465,51655.72,7451.1655,4,13,2,1,4,1,2,1,2025,1,1,5,999,2,8,1,3,3,2,3,2,3,1,3,0,2,3,2753d4b7,592,5446.0,1_Perfect,2026.0,1_Perfect
59134.465,86655.72,16451.166,4,8,2,1,4,1,2,2,2025,1,3,5,999,1,9,1,2,3,2,3,3,3,2,3,0,2,1,3c58e399,601,1726.0,2_Drivers,6565.0,2_Drivers
45134.465,64655.72,11451.166,2,4,2,1,1,1,1,2,2025,1,2,4,462,1,2,2,2,2,2,2,2,2,1,3,0,2,1,9deed611,603,8134.0,2_Drivers,8216.0,2_Drivers
46134.465,48655.72,7451.1655,5,13,2,1,4,1,2,1,2025,1,1,2,999,1,8,1,5,2,2,2,2,2,1,2,0,2,1,186585c7,603,2413.0,2_Drivers,8189.0,2_Drivers
109134.47,164655.72,27451.166,4,5,3,1,4,1,1,2,2025,1,2,3,999,1,7,1,2,3,1,3,2,3,1,2,0,2,1,c44a2dcb,604,12006.0,2_Drivers,7468.0,3_Constraints
20134.465,31655.719,2451.1655,4,13,99,1,1,2,2,1,2025,1,1,4,933,1,2,2,5,2,1,2,5,2,1,3,0,3,1,8573a922,604,7673.0,2_Drivers,11039.0,2_Drivers
52134.465,89655.72,11451.166,6,10,2,2,4,1,1,1,2025,1,1,6,999,3,4,1,1,3,1,3,2,3,2,3,0,2,1,1e6ec446,605,3961.0,2_Drivers,3586.0,3_Constraints
28134.465,31655.719,2451.1655,4,1,1,3,4,1,2,1,2025,2,1,2,999,1,5,1,1,4,1,4,2,4,2,3,0,2,1,f115402b,605,2717.0,2_Drivers,4395.0,2_Drivers
9134.466,20655.719,2451.1655,2,13,99,1,1,2,2,1,2025,1,1,2,999,1,7,2,3,3,1,3,2,3,1,2,0,2,2,a6e7cb2f,608,8217.0,2_Drivers,11388.0,2_Drivers
41134.465,45655.72,6451.1655,6,13,2,1,2,1,2,1,2025,1,1,5,462,1,7,1,2,4,1,4,2,4,2,3,0,2,1,f19683c2,609,3270.0,2_Drivers,10814.0,2_Drivers
25134.465,32655.719,2451.1655,4,13,1,1,1,1,2,1,2025,1,1,3,933,2,5,2,5,3,1,3,4,3,1,2,0,2,3,064eaa5d,611,3695.0,2_Drivers,11927.0,2_Drivers
9135.466,17655.719,2451.1655,2,13,2,3,4,1,2,1,2025,1,1,1,933,1,8,1,5,3,2,3,2,3,3,1,0,1,2,7612e69a,612,8963.0,2_Drivers,5131.0,2_Drivers
58134.465,68655.72,14451.166,5,8,2,1,4,1,2,1,2025,1,2,5,462,2,8,1,2,2,2,2,2,2,1,1,1,1,2,f22b8259,612,8930.0,1_Perfect,8768.0,2_Drivers
70134.47,72655.72,11451.166,4,5,2,1,1,1,1,1,2025,1,1,3,835,2,7,3,4,4,2,4,2,4,1,3,0,2,3,98f414d2,613,5113.0,1_Perfect,12877.0,1_Perfect
26134.465,24655.719,2451.1655,2,13,2,3,4,1,2,1,2025,2,3,1,999,1,7,1,3,4,1,4,2,4,1,4,0,3,1,99f6c248,613,6283.0,2_Drivers,8890.0,3_Constraints
54134.465,76655.72,9451.166,4,10,2,2,4,1,1,2,2025,1,1,2,999,1,4,1,3,2,1,2,2,2,3,4,0,3,1,1cabaa7a,616,9230.0,2_Drivers,5547.0,2_Drivers
139134.47,194655.72,36451.164,4,10,2,1,2,1,1,1,2025,1,1,2,999,2,8,1,3,2,2,2,2,2,1,3,0,2,1,e7b612a1,617,1171.0,1_Perfect,2113.0,1_Perfect
61134.465,75655.72,12451.166,2,8,2,1,4,1,1,1,2025,1,1,3,999,2,5,1,1,2,1,2,2,2,2,3,0,3,2,b25f774e,618,11435.0,1_Perfect,11006.0,2_Drivers
109134.47,294655.72,61067.164,4,10,2,1,4,1,1,2,2025,1,1,6,999,2,4,1,1,2,2,2,2,2,1,4,0,3,3,65caefee,621,9765.0,2_Drivers,6102.0,2_Drivers
35134.465,40655.72,2452.1655,4,13,2,1,1,1,1,1,2025,2,3,2,462,2,4,2,2,2,1,2,4,2,1,2,1,2,3,21671c26,622,11651.0,2_Drivers,8455.0,2_Drivers
85134.47,84655.72,15451.166,6,5,2,1,4,1,1,1,2025,1,3,3,462,2,2,1,2,4,1,4,2,4,1,3,0,3,1,12fa02cc,624,1728.0,1_Perfect,1052.0,1_Perfect
72134.47,79655.72,14451.166,4,5,2,1,1,1,2,1,2025,1,2,3,462,2,2,2,2,4,2,4,2,4,1,4,0,2,1,9eacf796,624,11585.0,1_Perfect,10578.0,2_Drivers
46134.465,86655.72,15451.166,4,13,2,1,1,1,2,3,2025,1,1,6,835,2,7,2,4,2,2,2,2,2,1,4,1,2,3,f2d645bd,626,6099.0,3_Constraints,4311.0,3_Constraints
62134.465,77655.72,7451.1655,4,6,2,4,1,1,2,1,2025,1,1,4,999,1,8,1,5,2,2,2,2,2,3,2,0,2,1,9a4fba69,627,11221.0,2_Drivers,8760.0,2_Drivers
44134.465,62655.72,7451.1655,4,8,2,1,4,1,1,1,2025,1,1,4,999,2,8,1,3,2,1,2,2,2,1,4,0,3,1,32b53243,628,4777.0,1_Perfect,2295.0,2_Drivers
9134.466,28655.719,3451.1655,2,13,1,1,4,1,2,2,2025,1,1,3,999,1,8,1,3,3,2,3,2,3,2,4,0,2,1,c0915541,628,3695.0,3_Constraints,11927.0,3_Constraints
94134.47,112655.72,16451.166,4,4,2,2,1,1,1,1,2025,1,3,5,535,3,7,2,3,2,1,2,5,2,1,1,1,2,2,12a2c089,629,7513.0,1_Perfect,11820.0,2_Drivers
64134.465,73655.72,11451.166,4,5,2,3,2,1,2,1,2025,1,1,4,999,1,2,1,3,4,2,4,2,4,1,4,0,2,1,cdb5c88c,631,5609.0,2_Drivers,6813.0,2_Drivers
208663.47,324655.72,53451.164,5,5,3,1,4,1,1,2,2025,1,1,2,999,1,8,1,3,2,2,2,2,2,1,3,1,2,3,01f2733b,633,12163.0,2_Drivers,4350.0,2_Drivers
9134.466,20655.719,2451.1655,4,10,1,3,4,1,2,1,2025,2,2,1,999,1,4,1,2,4,1,4,2,4,2,4,0,3,1,4f86b209,633,1120.0,2_Drivers,5279.0,2_Drivers
29134.465,39655.72,2452.1655,2,5,99,1,1,2,2,1,2025,1,1,2,933,1,7,1,5,2,1,2,5,2,3,4,0,3,3,f80e75fe,634,5573.0,2_Drivers,12517.0,2_Drivers
60134.465,65655.72,9451.166,4,8,2,1,4,1,2,1,2025,1,3,3,999,1,3,1,2,3,1,3,2,3,1,3,0,2,1,e68fddf8,634,11369.0,2_Drivers,9262.0,2_Drivers
71134.47,78655.72,14451.166,4,8,2,1,4,1,1,1,2025,1,1,4,835,1,10,1,4,3,2,3,2,3,1,2,0,3,2,176b3009,635,12706.0,2_Drivers,1025.0,2_Drivers
57134.465,71655.72,7451.1655,2,13,2,2,3,1,1,1,2025,1,1,3,999,3,8,1,3,4,2,4,2,4,2,3,0,3,1,8b5ef220,636,11964.0,2_Drivers,4484.0,2_Drivers
22134.465,37655.72,3451.1655,4,10,1,1,4,1,2,1,2025,1,1,5,999,2,4,1,3,3,1,3,2,3,1,2,0,2,2,76a9362c,637,10671.0,2_Drivers,11011.0,2_Drivers
40134.465,43655.72,4451.1655,4,13,2,1,4,1,1,1,2025,1,1,3,999,2,8,1,5,4,2,4,2,4,2,1,0,2,2,d419cbe4,638,9934.0,1_Perfect,10578.0,1_Perfect
50134.465,57655.72,7451.1655,6,8,2,1,4,1,1,1,2025,2,3,2,462,1,8,1,2,2,1,2,2,2,2,4,0,2,1,62b1c3e0,639,10345.0,2_Drivers,5163.0,2_Drivers
119134.47,124655.72,29451.166,4,5,2,1,1,1,1,1,2025,1,1,5,535,2,2,2,3,4,2,4,2,4,1,4,0,3,1,2ea95358,640,12426.0,1_Perfect,7928.0,2_Drivers
6134.466,14655.719,2451.1655,4,13,1,3,2,1,2,1,2025,2,1,1,999,1,7,1,5,4,1,4,2,4,1,2,0,2,2,34c7c7df,641,1120.0,2_Drivers,5279.0,2_Drivers
55134.465,60655.72,10451.166,5,10,2,1,4,1,1,1,2025,1,2,2,999,1,4,1,2,5,1,5,2,5,2,4,0,3,1,ed811f27,643,2515.0,2_Drivers,8477.0,2_Drivers
149134.47,144655.72,35451.164,4,8,2,1,1,1,1,1,2025,1,1,4,535,2,3,2,3,4,2,4,2,4,1,4,0,3,1,15f49b87,649,11126.0,1_Perfect,1611.0,1_Perfect
109134.47,114655.72,28451.166,5,5,2,1,4,1,2,1,2025,1,1,4,933,2,2,1,5,2,2,2,2,2,1,4,0,3,1,af61b5d2,649,12726.0,1_Perfect,11840.0,1_Perfect
63134.465,88655.72,18451.166,6,10,1,1,4,1,1,1,2025,1,1,3,999,2,5,1,4,5,2,5,2,5,2,4,0,3,3,5387c3b0,652,10564.0,3_Constraints,11374.0,2_Drivers
85134.47,98655.72,17451.166,6,3,2,1,4,1,1,1,2025,1,1,3,999,2,5,1,5,5,2,5,2,5,2,4,0,2,3,ff0d46b9,653,13164.0,1_Perfect,7255.0,2_Drivers
49134.465,63655.72,9451.166,5,8,2,1,4,1,2,1,2025,1,1,5,933,1,8,1,5,3,2,2,2,3,2,3,0,2,1,9bf396b7,653,10775.0,2_Drivers,1237.0,2_Drivers
44134.465,41655.72,5451.1655,5,13,2,1,4,1,2,1,2025,1,1,2,999,1,8,1,5,3,2,3,2,3,2,2,0,2,1,cda85206,653,7708.0,2_Drivers,5937.0,2_Drivers
29134.465,42655.72,6451.1655,4,13,2,3,4,1,2,1,2025,1,3,2,535,1,7,1,3,3,2,3,2,3,2,3,0,3,1,f426d914,653,8589.0,2_Drivers,6508.0,2_Drivers
51134.465,50655.72,2452.1655,2,2,2,1,4,1,2,1,2025,1,1,3,462,1,8,1,2,4,1,4,4,4,1,3,0,3,1,6c730ec6,674,5497.0,2_Drivers,10811.0,2_Drivers
59134.465,72655.72,5451.1655,4,13,2,2,4,1,1,1,2025,1,1,4,999,1,5,1,4,3,1,2,3,3,1,2,0,2,2,130f8ee7,675,1342.0,2_Drivers,5433.0,2_Drivers
69134.47,98655.72,23451.166,4,13,2,1,4,1,1,1,2025,1,3,6,462,1,2,1,2,2,2,2,5,2,2,3,0,3,1,3052462c,676,4439.0,2_Drivers,3627.0,2_Drivers
57134.465,63655.72,6451.1655,4,13,2,2,4,1,1,1,2025,1,3,3,999,1,2,1,3,4,1,2,5,4,3,4,0,2,1,188598d8,677,6418.0,2_Drivers,1409.0,2_Drivers
65134.465,69655.72,6451.1655,4,10,2,3,2,1,2,1,2025,1,1,2,825,1,4,1,4,4,1,4,2,4,2,4,0,3,1,48f43a46,677,4342.0,2_Drivers,3246.0,2_Drivers
15134.466,23655.719,2451.1655,5,13,1,3,4,1,2,1,2025,1,1,1,835,1,7,1,4,3,1,3,5,3,1,4,0,3,1,71c1028f,678,12643.0,2_Drivers,2168.0,2_Drivers
119134.47,144655.72,31451.166,6,10,2,1,4,1,1,1,2025,1,3,3,462,2,4,1,2,2,1,2,2,2,1,4,0,3,3,ffc62765,685,8302.0,2_Drivers,7173.0,2_Drivers
119134.47,164655.72,52451.164,6,5,2,1,1,1,1,1,2025,1,3,5,462,2,1,2,2,2,2,2,2,2,2,1,1,2,2,bb8a80c9,687,7308.0,1_Perfect,8908.0,1_Perfect
49134.465,74655.72,16451.166,4,8,2,1,1,1,1,2,2025,1,1,5,999,2,8,2,3,2,2,2,2,2,1,3,0,2,3,281342e9,688,2003.0,2_Drivers,6476.0,2_Drivers
87134.47,100655.72,21451.166,4,5,2,1,4,1,1,1,2025,1,3,4,535,2,2,1,3,3,1,3,2,3,1,4,0,3,2,9e2c7dff,690,9112.0,2_Drivers,9705.0,2_Drivers
38134.465,52655.72,5451.1655,5,13,1,1,4,1,2,1,2025,1,1,5,999,2,2,1,5,2,1,2,2,2,2,3,0,2,2,e70d0555,690,3091.0,1_Perfect,3257.0,2_Drivers
10134.466,21655.719,2451.1655,6,4,1,3,2,1,2,1,2025,2,3,1,535,1,7,1,3,3,1,3,2,3,1,3,0,3,1,138623ad,691,2989.0,2_Drivers,2168.0,2_Drivers
93134.47,101655.72,33451.164,6,8,2,1,4,1,1,1,2025,1,3,4,999,1,7,1,2,4,2,4,2,4,2,4,0,3,1,e76a0d03,692,11504.0,2_Drivers,1955.0,2_Drivers
46134.465,64655.72,7451.1655,4,5,2,1,4,1,1,1,2025,1,2,5,999,2,2,1,2,2,1,2,2,2,2,3,0,2,1,2f3770b0,710,9842.0,1_Perfect,7097.0,1_Perfect
44134.465,54655.72,6451.1655,4,13,2,1,1,1,1,1,2025,1,3,3,462,2,7,3,2,2,2,2,4,2,3,3,0,3,3,14640ee3,711,7627.0,2_Drivers,2194.0,2_Drivers
24134.465,46655.72,3451.1655,4,8,2,1,2,1,2,2,2025,1,1,5,835,2,4,1,4,2,1,2,5,2,1,2,0,2,1,06597e8e,711,13215.0,2_Drivers,1045.0,2_Drivers
54134.465,71655.72,11451.166,4,1,2,1,4,1,1,1,2025,1,1,4,933,2,5,1,4,2,1,2,2,2,1,2,1,2,2,7a1d54ce,720,5625.0,1_Perfect,10045.0,2_Drivers
83134.47,94655.72,19451.166,5,8,2,1,1,1,1,1,2025,1,1,5,535,2,8,2,3,3,2,3,2,3,1,4,0,2,1,71250d15,721,5446.0,1_Perfect,2026.0,1_Perfect
63134.465,64655.72,7451.1655,4,9,2,1,4,1,1,1,2025,1,1,2,999,2,8,1,4,4,2,4,2,4,1,4,0,2,1,e8c5cbdd,724,12550.0,1_Perfect,13157.0,2_Drivers
24134.465,30655.719,2451.1655,4,13,2,4,3,1,2,1,2025,1,1,1,825,1,2,1,4,2,1,2,5,2,1,3,0,3,1,9ae1473c,724,4761.0,2_Drivers,7249.0,2_Drivers
119134.47,154655.72,57451.164,5,13,2,1,3,1,1,1,2025,1,3,5,835,2,2,2,4,3,2,3,2,3,1,4,1,2,3,7569206d,725,10187.0,2_Drivers,9924.0,2_Drivers
102134.47,109655.72,20451.166,4,10,2,1,4,1,2,1,2025,1,1,3,535,2,4,1,3,4,1,4,2,4,2,4,0,2,1,4c5bf14f,725,4979.0,2_Drivers,9827.0,1_Perfect
84134.47,83655.72,13451.166,4,5,2,1,1,1,1,1,2025,1,1,3,999,2,7,2,4,3,2,3,2,3,1,4,0,3,1,677873aa,726,4031.0,1_Perfect,8386.0,1_Perfect
94134.47,107655.72,19451.166,4,13,2,1,4,1,1,1,2025,1,1,3,999,2,9,1,5,4,2,4,2,4,1,4,0,3,1,63f93daf,727,5019.0,2_Drivers,10578.0,2_Drivers
89134.47,85655.72,15451.166,5,8,2,1,2,1,1,1,2025,1,1,4,933,2,8,1,5,4,2,4,2,4,1,2,0,2,2,838fec6d,728,7763.0,1_Perfect,3983.0,1_Perfect
9134.466,20655.719,2451.1655,6,13,1,1,4,1,2,2,2025,1,2,4,999,1,5,1,2,3,1,3,2,3,1,2,0,2,2,5de8e14c,728,7916.0,2_Drivers,5789.0,3_Constraints
66134.47,65655.72,10451.166,4,8,2,1,1,1,2,1,2025,1,1,3,933,1,8,2,5,4,2,4,2,4,1,4,0,2,1,7cdfdcf6,728,3161.0,1_Perfect,4800.0,2_Drivers
19134.465,52655.72,7451.1655,2,13,2,1,1,1,1,2,2025,1,3,6,462,2,8,2,2,2,2,2,2,2,2,3,0,2,1,1a6223a5,729,5271.0,2_Drivers,6102.0,2_Drivers
30134.465,41655.72,5451.1655,4,1,2,1,2,1,2,2,2025,1,1,5,999,2,7,1,4,3,1,3,2,3,2,4,0,3,2,a24fab47,729,1220.0,2_Drivers,12409.0,2_Drivers
42134.465,58655.72,5451.1655,4,5,99,1,4,2,2,1,2025,1,1,3,999,2,2,1,3,4,1,4,2,4,1,4,0,3,1,565b3769,730,7371.0,1_Perfect,12187.0,2_Drivers
50134.465,47655.72,4451.1655,5,13,2,1,4,1,2,1,2025,1,1,4,999,2,7,1,3,4,1,4,2,4,2,4,0,3,1,a4e8ddaa,732,10833.0,1_Perfect,11327.0,2_Drivers
65134.465,87655.72,16451.166,6,13,2,1,1,1,2,1,2025,1,1,6,535,2,2,2,3,2,1,2,2,2,2,4,0,3,1,1d8e480b,743,8663.0,1_Perfect,6724.0,2_Drivers
9134.466,14655.719,2451.1655,4,13,1,3,4,1,2,1,2025,2,1,1,999,1,7,1,3,4,2,4,2,4,1,2,0,2,2,539aa36a,744,1120.0,3_Constraints,2489.0,2_Drivers
15134.466,27655.719,2452.1655,2,8,2,1,1,1,2,2,2025,1,1,3,999,2,7,2,3,4,1,4,2,4,2,2,0,2,1,17e9a676,744,2304.0,2_Drivers,3158.0,1_Perfect
28134.465,55655.72,7451.1655,4,1,1,1,4,1,2,1,2025,1,2,7,462,2,2,1,2,2,1,2,2,2,1,4,0,3,1,1c6d6f2f,745,9550.0,2_Drivers,2143.0,3_Constraints
21134.465,24655.719,2451.1655,6,4,2,4,4,1,2,1,2025,2,3,1,462,1,5,1,2,3,1,3,2,3,1,2,0,2,1,0f412185,746,7972.0,2_Drivers,7917.0,2_Drivers
24134.465,42655.72,3451.1655,4,13,1,2,4,1,1,1,2025,1,2,5,462,3,5,1,2,2,1,2,2,2,2,1,0,1,2,22f1390c,747,2013.0,2_Drivers,11675.0,2_Drivers
70134.47,71655.72,10451.166,4,8,2,6,1,1,2,1,2025,1,1,1,999,1,3,1,4,2,2,2,4,2,1,3,0,2,1,fb3caa03,748,10866.0,2_Drivers,2740.0,2_Drivers
67134.47,76655.72,12451.166,4,1,2,1,4,1,1,1,2025,1,1,4,535,2,5,1,3,5,1,5,2,5,1,1,0,2,2,a98971d7,749,7709.0,1_Perfect,3540.0,2_Drivers
67134.47,86655.72,17451.166,4,13,3,1,2,1,2,1,2025,1,3,3,462,2,7,1,2,4,2,4,1,4,1,2,1,2,2,5ea4a6e9,749,7922.0,2_Drivers,1824.0,2_Drivers
149134.47,134655.72,24451.166,4,7,2,1,2,1,1,1,2025,1,1,4,999,2,8,1,3,4,2,4,4,4,1,3,0,2,1,3c5f5b9f,751,2985.0,2_Drivers,1955.0,2_Drivers
44134.465,76655.72,9451.166,4,10,2,3,4,1,2,1,2025,1,1,6,999,1,7,1,3,3,2,3,2,3,2,4,0,2,1,91e60e9e,751,6932.0,2_Drivers,3586.0,2_Drivers
68134.47,85655.72,17451.166,2,8,99,1,2,2,1,1,2025,1,1,5,535,2,8,1,3,2,2,2,2,2,2,3,0,2,3,0be553ac,752,8380.0,2_Drivers,4044.0,2_Drivers
25134.465,29655.719,2452.1655,4,13,2,4,4,1,2,1,2025,1,3,5,999,1,7,1,2,3,1,3,2,3,1,4,0,3,1,00767f0e,752,3796.0,2_Drivers,3545.0,2_Drivers
16134.466,28655.719,2452.1655,2,8,2,6,4,1,2,2,2025,1,1,2,999,1,8,1,5,2,2,2,2,2,1,3,0,2,1,ab7ba52c,753,6967.0,2_Drivers,7245.0,2_Drivers
49134.465,55655.72,3451.1655,5,9,2,1,4,1,2,1,2025,1,1,3,999,2,9,1,3,3,1,3,2,3,2,2,0,2,3,8f7066b6,753,10463.0,2_Drivers,1744.0,2_Drivers
9134.466,25655.719,2451.1655,4,5,1,2,1,1,1,2,2025,1,3,7,999,1,6,3,2,2,1,2,5,2,1,2,1,2,2,93ae5684,755,5679.0,2_Drivers,2143.0,3_Constraints
35134.465,37655.72,4451.1655,4,13,2,1,1,1,1,1,2025,1,1,4,999,2,7,2,3,2,2,2,2,2,2,2,0,2,2,bcdc779c,756,8266.0,2_Drivers,13001.0,2_Drivers
119134.47,109655.72,21451.166,5,8,2,1,4,1,1,1,2025,1,1,3,999,2,3,1,4,4,2,4,2,4,1,1,0,2,2,181d2e57,758,1136.0,1_Perfect,10720.0,1_Perfect
61134.465,74655.72,12451.166,4,5,2,1,1,1,2,1,2025,1,1,5,999,2,2,2,3,2,1,2,5,2,1,4,0,2,2,64a7aaf8,758,3398.0,2_Drivers,9374.0,2_Drivers
42134.465,64655.72,8451.166,2,13,3,1,4,1,1,1,2025,1,1,6,999,1,9,1,1,2,2,2,2,2,3,4,0,3,1,39f3d3c4,760,5758.0,2_Drivers,11813.0,2_Drivers
9134.466,25655.719,2451.1655,2,13,1,1,4,1,1,2,2025,1,1,3,835,1,8,1,4,3,2,3,2,3,1,2,0,2,2,d5c8ab83,761,6142.0,3_Constraints,11927.0,3_Constraints
54134.465,67655.72,7451.1655,4,10,2,1,1,1,1,1,2025,1,1,4,999,1,4,2,4,2,1,2,5,2,1,3,0,3,1,f46d9320,762,7769.0,2_Drivers,11908.0,2_Drivers
29134.465,53655.72,3451.1655,4,13,99,2,4,2,1,1,2025,1,1,5,933,3,7,1,5,2,1,2,2,2,2,2,1,2,2,52378ed5,766,10201.0,1_Perfect,11335.0,2_Drivers
55134.465,61655.72,9451.166,4,8,2,1,4,1,1,1,2025,1,2,3,999,1,8,1,2,3,2,3,2,3,2,2,0,2,2,9ee58aec,768,7353.0,1_Perfect,8386.0,2_Drivers
42134.465,63655.72,7451.1655,5,13,2,1,1,1,2,1,2025,1,1,6,535,2,10,2,3,2,1,2,2,2,1,2,1,2,2,e2572e79,768,5788.0,2_Drivers,8562.0,2_Drivers
38134.465,51655.72,8451.166,5,3,2,1,4,1,1,1,2025,1,3,5,462,1,4,1,2,2,1,2,2,2,1,2,0,2,1,583dbeb2,770,2722.0,2_Drivers,2245.0,2_Drivers
43134.465,54655.72,6451.1655,2,13,2,1,4,1,2,1,2025,1,2,5,999,1,9,1,2,2,1,2,2,2,1,3,0,2,1,0c182df3,795,2677.0,2_Drivers,1868.0,2_Drivers
10134.466,18655.719,2451.1655,2,13,1,3,4,1,2,1,2025,2,1,1,999,1,8,1,3,4,2,4,5,4,2,4,0,2,1,3fc5c0f1,796,1120.0,3_Constraints,2489.0,2_Drivers
70134.47,80655.72,17451.166,2,10,2,1,4,1,1,1,2025,1,1,2,999,2,4,1,3,3,1,3,2,3,1,3,0,2,1,1679410d,808,11698.0,1_Perfect,2155.0,2_Drivers
119134.47,144655.72,33451.164,4,5,2,1,1,1,1,1,2025,1,1,3,535,1,8,2,3,2,2,2,2,2,1,3,0,2,1,bde19c6d,811,8048.0,2_Drivers,3468.0,2_Drivers
57134.465,60655.72,10451.166,6,10,2,1,4,1,2,1,2025,1,1,3,999,2,7,1,3,4,1,4,2,4,1,3,0,2,2,e13e8e17,813,7915.0,2_Drivers,11445.0,1_Perfect
11134.466,17655.719,2451.1655,6,13,2,4,3,1,2,1,2025,1,2,1,462,1,8,1,2,2,2,2,2,2,2,1,0,2,1,026f0ebb,814,11267.0,1_Perfect,2622.0,2_Drivers
9134.466,37655.72,5451.1655,4,10,1,1,4,1,2,2,2025,1,1,6,999,2,2,1,3,2,1,2,3,2,1,3,0,2,1,a0db6d1b,816,3550.0,2_Drivers,6920.0,2_Drivers
75134.47,93655.72,14451.166,6,7,2,2,1,1,1,1,2025,1,1,4,535,3,10,2,3,3,2,2,2,3,1,2,0,2,2,aea37f15,817,1630.0,2_Drivers,4239.0,2_Drivers
21134.465,21655.719,2451.1655,2,13,2,4,4,1,2,1,2025,1,1,1,999,1,7,1,5,3,1,3,4,3,2,2,0,2,1,bd12fc68,817,1094.0,2_Drivers,7917.0,2_Drivers
68134.47,74655.72,12451.166,4,10,2,1,4,1,2,1,2025,1,1,3,999,2,7,1,5,3,2,3,2,3,2,3,0,2,1,28cad80a,817,10163.0,2_Drivers,2177.0,1_Perfect
58134.465,81655.72,16451.166,5,8,2,1,1,1,2,1,2025,1,1,6,999,2,8,1,4,3,2,3,2,3,2,2,0,2,1,0df11a41,818,12513.0,2_Drivers,3586.0,1_Perfect
29134.465,37655.72,3451.1655,4,13,2,1,4,1,2,1,2025,1,1,5,825,2,7,1,4,2,1,2,2,2,1,3,0,2,2,72ea486f,819,9279.0,1_Perfect,2193.0,1_Perfect
95134.47,101655.72,20451.166,4,10,2,1,1,1,2,1,2025,1,1,3,999,2,4,3,3,4,2,4,3,4,1,3,0,2,1,c89e3c46,819,3567.0,2_Drivers,2364.0,2_Drivers
91134.47,98655.72,21451.166,4,11,2,1,3,1,2,1,2025,1,1,4,835,2,2,1,4,3,1,3,2,3,1,4,0,3,1,94d61ab4,819,11316.0,1_Perfect,11660.0,1_Perfect
75134.47,103655.72,16451.166,6,5,2,4,2,1,2,2,2025,1,3,4,462,1,7,1,2,2,1,2,2,2,1,3,0,3,1,d8b5ac43,820,12311.0,2_Drivers,7642.0,2_Drivers
129134.47,214655.72,76786.164,4,5,2,1,4,1,1,2,2025,1,1,2,825,2,4,1,4,2,2,2,2,2,1,3,0,3,1,27259b15,822,3155.0,2_Drivers,7245.0,2_Drivers
9134.466,17655.719,2451.1655,4,11,2,3,4,1,2,1,2025,2,3,1,999,1,7,1,3,3,1,3,2,3,3,2,0,2,1,7b826a5f,822,1094.0,2_Drivers,12529.0,2_Drivers
1209963.5,1601469.8,607647.2,6,5,2,1,4,1,1,1,2025,1,1,4,535,2,1,1,3,3,2,3,4,3,1,3,0,2,1,ad19e38c,823,9921.0,2_Drivers,5233.0,2_Drivers
49134.465,55655.72,5451.1655,6,5,2,1,4,1,2,1,2025,1,2,4,462,1,2,1,2,4,1,4,5,4,1,4,0,2,1,8e2f13c9,823,2964.0,2_Drivers,7964.0,2_Drivers
53134.465,51655.72,4451.1655,6,13,2,1,1,1,1,1,2025,1,3,3,462,1,8,2,2,4,2,4,2,4,2,4,0,3,1,74a26fbe,824,1890.0,2_Drivers,8895.0,2_Drivers
38134.465,38655.72,3451.1655,5,13,2,1,4,1,2,1,2025,1,3,2,999,1,7,1,1,3,1,3,2,3,1,4,0,3,1,2b63983b,824,2525.0,2_Drivers,9531.0,2_Drivers
7134.466,14655.719,2451.1655,4,13,1,3,4,1,2,1,2025,2,3,1,462,1,7,1,2,3,1,3,3,3,1,2,0,2,2,c96222d2,825,12643.0,2_Drivers,2168.0,2_Drivers
108134.47,103655.72,20451.166,6,8,2,1,4,1,1,1,2025,1,3,3,999,1,8,1,2,3,2,3,4,3,1,3,0,2,1,56d19eba,827,10372.0,2_Drivers,13326.0,2_Drivers
-40865.535,14655.719,2451.1655,4,13,1,3,1,1,2,1,2025,2,1,1,999,1,7,3,3,4,2,4,2,4,2,2,1,2,2,8abe3616,829,13092.0,3_Constraints,2489.0,2_Drivers
80134.47,99655.72,18451.166,6,6,2,1,4,1,1,1,2025,1,1,4,999,2,2,1,1,2,1,2,2,2,1,4,0,3,1,4576cca2,830,3067.0,1_Perfect,9570.0,1_Perfect
39134.465,43655.72,6451.1655,4,13,2,4,4,1,2,1,2025,1,1,3,999,1,2,1,3,2,2,2,2,2,1,2,0,3,1,5fbb27d6,831,3185.0,2_Drivers,3037.0,2_Drivers
55134.465,79655.72,13451.166,4,3,2,1,1,1,2,1,2025,1,3,6,999,2,6,2,3,2,1,2,5,2,1,4,0,3,1,5306ac06,831,12975.0,2_Drivers,6458.0,2_Drivers
75134.47,134655.72,36451.164,5,4,1,1,2,1,1,1,2025,1,3,6,462,2,7,1,2,3,2,3,2,3,1,4,0,3,2,7bb3478c,832,11439.0,2_Drivers,10896.0,2_Drivers
81134.47,104655.72,15451.166,4,10,2,1,4,1,2,1,2025,1,2,3,999,2,4,1,2,2,1,2,2,2,1,4,0,3,1,5c97298e,833,9722.0,1_Perfect,5967.0,2_Drivers
41134.465,52655.72,9451.166,4,13,2,1,4,1,2,1,2025,1,3,2,462,1,8,1,2,3,2,3,2,3,1,3,0,2,1,274deca6,834,1228.0,2_Drivers,13020.0,2_Drivers
149134.47,124655.72,28451.166,6,8,2,1,1,1,1,1,2025,1,1,3,535,2,2,3,3,4,2,4,4,4,1,3,1,2,2,d69ec754,835,1883.0,2_Drivers,6482.0,1_Perfect
42134.465,70655.72,10451.166,2,8,2,1,1,1,1,2,2025,1,3,3,462,2,8,3,2,5,2,5,2,5,2,2,0,1,2,a7990ea5,843,7631.0,2_Drivers,9066.0,2_Drivers
92134.47,98655.72,27451.166,6,8,2,1,4,1,2,1,2025,1,3,2,462,1,8,1,2,2,2,2,2,2,1,3,0,3,1,2d34ad9b,843,11093.0,1_Perfect,9194.0,2_Drivers
9134.466,14655.719,2451.1655,4,13,1,4,4,1,2,1,2025,2,2,1,462,1,7,1,2,4,1,3,3,4,1,2,0,2,1,6bc5cef6,845,13092.0,2_Drivers,5279.0,2_Drivers
34134.465,44655.72,7451.1655,4,13,2,1,4,1,2,1,2025,1,3,5,999,1,7,1,2,2,2,2,5,2,1,3,0,2,1,9f154b84,854,2619.0,2_Drivers,4017.0,2_Drivers
33134.465,34655.72,2451.1655,4,13,2,1,4,1,2,1,2025,1,3,4,999,1,10,1,2,3,1,3,2,3,2,3,0,2,3,7b968f15,855,11010.0,2_Drivers,7609.0,2_Drivers
39134.465,44655.72,5451.1655,4,13,2,1,1,1,1,1,2025,1,4,4,535,2,7,2,3,3,2,3,2,3,1,4,0,3,1,2d66c773,857,7233.0,2_Drivers,7095.0,2_Drivers
96134.47,95655.72,13451.166,5,10,2,1,1,1,1,1,2025,1,1,3,999,2,4,2,5,4,1,4,5,4,1,4,0,3,1,a68c38b3,858,3640.0,2_Drivers,3616.0,2_Drivers
50134.465,85655.72,17451.166,5,3,2,1,1,1,1,2,2025,1,1,5,933,2,7,2,5,2,1,2,2,2,1,4,0,2,1,38212207,859,9464.0,1_Perfect,3299.0,1_Perfect
53134.465,58655.72,8451.166,4,8,2,1,4,1,2,1,2025,1,2,5,999,1,10,1,2,2,2,2,2,2,1,3,0,2,2,37bc7caa,860,8080.0,2_Drivers,2280.0,2_Drivers
219134.47,184655.72,50451.164,4,5,3,1,1,1,1,1,2025,1,1,3,535,2,3,2,3,4,2,4,5,4,1,3,0,2,3,8b94b252,861,1195.0,2_Drivers,5713.0,2_Drivers
49134.465,57655.72,7451.1655,4,5,2,1,1,1,2,1,2025,1,1,5,999,2,2,2,3,2,1,2,2,2,2,2,0,2,3,32c43e3e,861,8978.0,1_Perfect,9621.0,1_Perfect
38134.465,47655.72,7451.1655,5,13,2,1,1,1,2,1,2025,1,1,4,999,1,2,3,1,2,2,2,2,2,1,4,0,3,1,467b85e0,863,8870.0,1_Perfect,8494.0,1_Perfect
79134.47,93655.72,21451.166,4,8,2,1,4,1,1,1,2025,1,2,5,999,1,8,1,2,2,2,2,2,2,1,2,1,2,1,65bc5c0b,864,8772.0,2_Drivers,1286.0,2_Drivers
59134.465,63655.72,8451.166,6,5,2,1,4,1,1,1,2025,1,1,3,999,2,7,1,3,2,1,2,5,2,2,4,0,2,1,d3459b24,865,12346.0,2_Drivers,9079.0,2_Drivers
17134.465,28655.719,4451.1655,2,8,2,1,4,1,2,2,2025,1,1,4,999,2,8,1,3,4,2,4,2,4,1,2,0,2,2,20a21a2c,872,1410.0,1_Perfect,7221.0,2_Drivers
229134.47,373613.72,128828.164,4,8,3,1,2,1,1,2,2025,1,1,5,999,2,1,1,3,4,2,4,2,4,2,4,0,2,1,c8265bb2,873,1775.0,2_Drivers,10541.0,3_Constraints
62134.465,67655.72,11451.166,2,13,2,1,4,1,2,1,2025,1,1,2,999,1,6,1,3,2,2,2,2,2,1,4,0,2,3,5f4b68fc,873,12067.0,2_Drivers,10379.0,2_Drivers
9134.466,14655.719,2451.1655,4,13,1,3,4,1,2,1,2025,2,1,1,999,1,7,1,3,4,2,4,2,4,1,4,0,3,1,5bcfd484,874,1120.0,3_Constraints,2489.0,2_Drivers
22134.465,54655.72,5451.1655,4,1,1,1,4,1,2,1,2025,1,3,7,999,2,2,1,1,2,1,2,5,2,1,4,0,3,1,b4425a0a,874,9550.0,2_Drivers,2143.0,3_Constraints
74134.47,77655.72,17451.166,6,8,2,1,4,1,1,1,2025,1,3,1,462,1,3,1,2,2,2,2,2,2,1,2,0,1,2,1d4e75f7,875,8699.0,2_Drivers,2740.0,2_Drivers
47134.465,55655.72,6451.1655,5,13,1,1,3,1,1,1,2025,2,3,1,999,1,7,1,5,2,2,2,4,2,1,4,0,3,1,5a0ba93e,876,3946.0,3_Constraints,8763.0,3_Constraints
34134.465,35655.72,3451.1655,5,13,2,1,3,1,1,1,2025,1,1,1,999,1,8,1,3,2,2,2,2,2,1,4,0,2,1,4af6bab3,888,11267.0,2_Drivers,2740.0,2_Drivers
28134.465,26655.719,2451.1655,5,13,2,1,4,1,2,1,2025,1,1,1,999,1,8,1,1,3,1,3,2,3,3,2,0,2,2,4a041a1a,890,5306.0,2_Drivers,7917.0,2_Drivers
53134.465,66655.72,8451.166,4,5,2,1,2,1,1,1,2025,1,1,5,535,2,7,1,3,3,2,3,2,3,1,1,0,2,3,4ca86196,896,5370.0,1_Perfect,13258.0,1_Perfect
105134.47,108655.72,24451.166,5,13,2,1,4,1,1,1,2025,1,1,4,535,1,8,1,3,2,2,2,2,2,1,3,0,3,1,8113c2a9,902,8266.0,2_Drivers,8760.0,2_Drivers
56134.465,67655.72,10451.166,4,5,2,1,1,1,1,1,2025,1,1,4,999,2,2,3,5,2,1,2,2,2,2,4,0,3,1,27a43851,903,3940.0,1_Perfect,4948.0,1_Perfect
9135.466,46655.72,5451.1655,4,5,1,1,4,1,2,3,2025,1,3,6,999,2,5,1,3,2,1,2,2,2,1,2,0,2,2,29f9431e,903,12322.0,3_Constraints,3211.0,3_Constraints
33134.465,36655.72,3451.1655,4,13,2,1,4,1,2,1,2025,1,1,5,999,1,5,1,4,2,1,2,2,2,1,1,0,1,2,fb911a74,906,10255.0,2_Drivers,2193.0,2_Drivers
40134.465,49655.72,4451.1655,4,11,2,1,4,1,1,1,2025,1,2,3,999,1,4,1,2,4,1,4,2,4,2,1,0,1,1,ec218e28,907,8574.0,2_Drivers,6818.0,2_Drivers
56134.465,65655.72,12451.166,6,9,2,1,4,1,2,1,2025,1,3,5,999,2,8,1,2,2,2,2,2,2,1,2,1,2,3,07ceb77b,912,4165.0,2_Drivers,4462.0,2_Drivers
64134.465,81655.72,13451.166,4,5,2,1,1,1,2,1,2025,1,1,3,933,2,7,2,5,5,1,5,2,5,1,2,0,2,2,7525a90a,914,12638.0,1_Perfect,6332.0,2_Drivers
62134.465,69655.72,10451.166,6,10,2,1,1,1,2,1,2025,1,1,3,535,2,4,2,3,3,1,3,2,3,2,2,0,2,1,a856a50b,914,9072.0,1_Perfect,11931.0,2_Drivers
75134.47,78655.72,8451.166,4,1,2,1,4,1,1,1,2025,1,3,3,999,2,5,1,5,3,1,3,5,3,1,4,1,2,3,c517375e,915,10781.0,2_Drivers,2527.0,2_Drivers
48134.465,62655.72,6451.1655,4,4,99,1,4,2,1,1,2025,1,1,4,999,2,5,1,5,3,1,3,2,3,2,4,0,2,1,62ced039,916,6504.0,2_Drivers,6602.0,2_Drivers
68134.47,90655.72,15451.166,4,10,2,1,4,1,2,1,2025,1,1,4,999,2,4,1,3,2,2,2,2,2,3,3,0,2,3,d505b4a3,916,6789.0,2_Drivers,11840.0,2_Drivers
43134.465,71655.72,7451.1655,4,6,1,1,4,1,2,1,2025,1,1,6,999,2,5,1,3,2,2,2,5,2,1,2,0,2,2,fc3c3e76,917,2163.0,2_Drivers,4504.0,2_Drivers
76134.47,90655.72,14451.166,5,10,3,1,4,1,1,1,2025,1,1,5,999,2,2,1,1,3,1,3,2,3,1,3,0,2,1,6de1ab59,918,10401.0,2_Drivers,1619.0,3_Constraints
64134.465,73655.72,15451.166,4,8,2,1,1,1,2,1,2025,1,3,2,462,1,3,3,2,2,2,2,3,2,1,1,1,2,2,101fced1,919,9733.0,2_Drivers,5878.0,2_Drivers
33134.465,37655.72,2451.1655,4,11,2,2,1,1,1,1,2025,1,2,4,999,1,2,2,2,3,1,3,2,3,1,2,0,2,2,3a3534aa,920,8668.0,2_Drivers,3769.0,2_Drivers
45134.465,60655.72,5451.1655,5,13,2,2,4,1,1,1,2025,1,1,5,999,3,2,1,4,2,1,2,2,2,1,2,0,2,2,88fcfbc1,922,12399.0,1_Perfect,2788.0,1_Perfect
73134.47,93655.72,20451.166,4,13,2,1,4,1,2,1,2025,1,1,5,933,2,8,1,5,2,2,2,2,2,1,4,0,3,1,75557d47,922,6872.0,1_Perfect,1961.0,2_Drivers
64134.465,64655.72,11451.166,2,13,2,1,4,1,1,1,2025,1,3,1,999,1,9,1,2,2,2,2,2,2,1,3,0,3,3,8b7264e5,924,4336.0,2_Drivers,2622.0,2_Drivers
74134.47,87655.72,13451.166,4,8,2,1,4,1,2,1,2025,1,1,5,999,2,10,1,3,2,1,2,2,2,1,4,0,3,3,620d2859,931,11629.0,2_Drivers,10253.0,2_Drivers
30134.465,31655.719,2451.1655,6,11,2,3,4,1,2,1,2025,1,1,2,999,1,10,1,3,3,1,3,2,3,1,3,0,3,1,b278e3e9,933,3317.0,1_Perfect,2155.0,2_Drivers
88134.47,105655.72,25451.166,5,13,3,1,4,1,1,1,2025,1,3,3,835,1,8,1,4,4,2,4,2,4,2,4,0,2,1,cca425bc,936,7922.0,2_Drivers,5713.0,2_Drivers
61134.465,84655.72,16451.166,4,5,2,2,1,1,1,1,2025,1,1,3,999,1,8,2,3,2,2,2,2,2,1,3,0,2,1,38873a86,937,9645.0,2_Drivers,4053.0,2_Drivers
103134.47,114655.72,25451.166,4,10,2,1,4,1,1,1,2025,1,3,3,462,1,7,1,2,3,2,3,2,3,1,3,1,3,3,ce2cdd7d,938,1767.0,2_Drivers,7038.0,2_Drivers
40134.465,42655.72,2452.1655,4,8,2,3,3,1,2,1,2025,1,3,3,999,1,3,1,2,3,1,3,2,3,1,4,0,3,3,e76a6470,938,2436.0,2_Drivers,11414.0,2_Drivers
31134.465,69655.72,11451.166,4,11,1,1,4,1,1,1,2025,1,3,6,462,2,7,1,2,2,2,2,2,2,1,2,0,2,2,44f00ba1,939,4359.0,2_Drivers,1086.0,2_Drivers
32134.465,45655.72,2451.1655,4,13,99,2,4,2,1,1,2025,1,1,2,999,1,2,1,3,2,1,2,2,2,1,3,0,2,1,af5ee34a,940,12109.0,2_Drivers,12517.0,2_Drivers
9134.466,15655.719,2451.1655,6,13,1,4,4,1,2,1,2025,2,2,1,462,1,7,1,2,2,2,2,5,2,2,3,0,3,2,66e0dd81,941,3946.0,3_Constraints,8763.0,3_Constraints
50134.465,65655.72,7451.1655,2,8,99,2,4,2,1,1,2025,1,2,3,999,1,9,1,2,4,2,4,5,4,1,3,0,2,1,8f396cf2,942,12160.0,2_Drivers,7949.0,2_Drivers
24134.465,35655.72,2451.1655,2,10,99,1,4,2,1,1,2025,1,1,2,999,1,4,1,3,3,1,3,2,3,2,2,0,1,2,5f5044bb,943,6374.0,1_Perfect,11388.0,2_Drivers
95134.47,99655.72,18451.166,6,9,2,2,4,1,1,1,2025,1,2,4,999,1,10,1,2,2,2,2,2,2,1,3,0,2,1,7a143b17,950,12989.0,2_Drivers,10354.0,2_Drivers
9135.466,25655.719,2451.1655,2,13,1,1,1,1,1,2,2025,1,1,2,999,2,7,2,3,4,2,4,2,4,3,2,0,2,1,6db7d64f,951,5653.0,3_Constraints,9938.0,3_Constraints
26134.465,33655.72,3451.1655,5,5,1,1,4,1,2,1,2025,1,3,3,999,1,7,1,2,5,1,6,2,6,1,1,0,1,2,4055d9df,951,10564.0,2_Drivers,4735.0,2_Drivers
49134.465,80655.72,14451.166,6,8,2,2,3,1,1,1,2025,1,1,6,999,3,8,1,3,2,2,2,2,2,1,1,0,2,2,51d9f6e7,952,8972.0,2_Drivers,8205.0,2_Drivers
99134.47,114655.72,26451.166,2,8,3,1,3,1,1,1,2025,1,1,4,999,2,10,1,4,4,2,4,2,4,1,4,0,3,1,3c29af8c,953,2873.0,1_Perfect,1912.0,2_Drivers
26134.465,35655.72,3451.1655,4,5,1,1,1,1,2,1,2025,1,1,2,835,2,7,2,4,3,1,3,2,3,1,2,0,2,1,dac837c9,953,5284.0,2_Drivers,5842.0,1_Perfect
36134.465,47655.72,4451.1655,4,5,2,1,1,1,1,1,2025,1,1,4,933,2,2,3,5,2,1,2,2,2,1,1,1,2,2,eaba3d8d,955,3940.0,1_Perfect,8764.0,1_Perfect
68134.47,77655.72,15451.166,2,8,2,1,4,1,1,1,2025,1,3,3,999,1,9,1,3,2,2,2,2,2,2,3,0,2,1,50d2523c,956,10057.0,2_Drivers,6794.0,2_Drivers
36134.465,44655.72,6451.1655,6,13,2,1,4,1,2,1,2025,1,1,4,535,1,8,1,3,2,2,2,2,2,1,2,0,2,1,de052b5b,958,2684.0,2_Drivers,11638.0,2_Drivers
9134.466,17655.719,2451.1655,4,3,2,3,4,1,2,2,2025,2,2,1,999,1,7,1,2,4,2,4,2,4,1,3,0,3,1,680018ef,960,6283.0,3_Constraints,8890.0,3_Constraints
58134.465,65655.72,5451.1655,4,1,2,2,4,1,1,1,2025,1,2,3,999,3,5,1,1,4,1,4,2,4,1,2,0,2,1,6e29ff2c,962,2466.0,2_Drivers,5341.0,2_Drivers
129134.47,234655.72,48451.164,4,1,2,1,4,1,2,1,2025,1,1,6,535,2,5,1,3,2,2,2,2,2,2,4,0,3,1,142ff75b,967,7981.0,2_Drivers,5865.0,2_Drivers
5134.466,14655.719,2451.1655,4,13,1,3,4,1,2,1,2025,2,1,1,999,1,7,1,1,3,1,3,2,3,2,2,0,2,2,4a5a0165,968,5819.0,2_Drivers,2168.0,2_Drivers
99134.47,124655.72,20451.166,7,10,2,2,4,1,1,1,2025,1,3,3,999,1,4,1,2,2,1,2,2,2,2,3,0,2,2,b23a475d,969,3725.0,2_Drivers,11006.0,2_Drivers
69134.47,73655.72,10451.166,4,13,2,1,4,1,1,1,2025,1,1,4,999,1,2,1,5,2,1,2,2,2,1,4,0,3,1,878f187b,970,6279.0,1_Perfect,8764.0,2_Drivers
65134.465,82655.72,10451.166,4,1,3,1,1,1,2,2,2025,1,1,5,535,2,7,2,3,4,1,4,2,4,1,2,0,2,2,c095e22b,971,1775.0,3_Constraints,10541.0,1_Perfect
9134.466,18655.719,2451.1655,4,6,1,3,4,1,2,1,2025,2,3,1,462,1,7,1,2,4,2,4,3,4,2,3,0,3,1,f443a712,971,13092.0,3_Constraints,2489.0,2_Drivers
14134.466,21655.719,2451.1655,2,13,2,4,1,1,2,1,2025,1,1,4,535,2,7,2,3,3,1,3,2,3,1,1,1,1,2,1031df9b,971,4341.0,1_Perfect,9989.0,2_Drivers
59134.465,70655.72,9451.166,4,3,2,1,4,1,1,1,2025,1,1,2,999,2,5,1,4,2,2,2,2,2,2,3,0,2,1,32cf2641,972,1792.0,2_Drivers,6165.0,2_Drivers
47134.465,77655.72,10451.166,4,11,3,1,4,1,1,2,2025,1,3,4,999,2,8,1,1,2,2,2,2,2,1,4,0,2,2,8e84a235,973,9202.0,2_Drivers,6887.0,2_Drivers
69134.47,95655.72,18451.166,4,13,2,1,4,1,1,2,2025,1,2,5,999,2,1,1,2,3,2,3,2,3,1,4,0,3,1,9ec846d9,974,1455.0,2_Drivers,6565.0,2_Drivers
49134.465,57655.72,4451.1655,5,10,2,3,4,1,2,1,2025,1,1,2,535,1,4,1,3,4,1,4,2,4,1,3,0,3,1,8e92c9bf,974,9652.0,2_Drivers,2445.0,2_Drivers
34134.465,38655.72,4451.1655,4,13,2,1,4,1,2,1,2025,1,1,3,999,2,8,1,5,5,2,5,2,5,1,2,0,2,2,e433d85d,975,1565.0,1_Perfect,2523.0,1_Perfect
60134.465,63655.72,9451.166,5,5,2,1,1,1,2,1,2025,1,1,2,933,2,7,3,5,2,2,2,2,2,2,2,0,2,1,e01aeade,976,1100.0,2_Drivers,12266.0,2_Drivers
76134.47,99655.72,26451.166,2,8,2,2,4,1,1,1,2025,1,3,5,999,3,8,1,2,2,2,2,2,2,1,4,0,3,1,9f111799,977,6745.0,2_Drivers,12016.0,2_Drivers
66134.47,71655.72,13451.166,5,13,2,3,2,1,1,1,2025,1,3,2,462,1,7,1,2,4,2,4,4,4,1,4,0,3,1,307a7237,980,7980.0,2_Drivers,8806.0,2_Drivers
27134.465,26655.719,2451.1655,2,13,2,3,4,1,2,1,2025,1,3,1,462,1,5,1,2,3,2,3,2,3,2,3,0,2,3,2715fe1f,980,5935.0,2_Drivers,7862.0,2_Drivers
53134.465,65655.72,10451.166,5,1,2,1,4,1,2,1,2025,1,1,5,535,2,7,1,3,3,1,3,2,3,1,4,0,3,2,f4cc0c7b,981,2774.0,1_Perfect,6623.0,1_Perfect
30134.465,53655.72,5451.1655,6,4,1,1,1,1,1,2,2025,1,1,3,999,2,9,1,3,4,1,4,5,4,1,3,0,2,1,b6ea7603,982,6064.0,2_Drivers,7589.0,3_Constraints
9134.466,14655.719,2451.1655,4,13,1,4,2,1,2,1,2025,2,1,1,535,1,7,1,3,4,2,4,2,4,1,2,0,2,2,14ddabbc,982,13092.0,3_Constraints,2489.0,2_Drivers
189134.47,204655.72,40451.164,5,10,2,1,1,1,1,1,2025,1,1,5,999,2,4,1,5,2,2,2,4,2,1,4,0,2,1,dc082ed7,983,3305.0,2_Drivers,2906.0,2_Drivers
50134.465,53655.72,9451.166,6,8,2,1,4,1,2,1,2025,1,1,5,999,1,8,1,3,2,2,2,2,2,2,2,0,2,2,10df11e1,986,13327.0,2_Drivers,7174.0,2_Drivers
51134.465,55655.72,8451.166,2,13,2,1,1,1,2,1,2025,1,3,4,462,2,8,2,2,2,2,2,2,2,2,4,0,3,2,f6240acc,987,6474.0,1_Perfect,11840.0,2_Drivers
20134.465,25655.719,2451.1655,6,10,2,3,4,1,2,1,2025,2,1,1,999,1,4,1,3,4,1,4,2,4,1,3,0,3,1,87188e1a,990,9445.0,1_Perfect,4726.0,3_Constraints
59134.465,62655.72,10451.166,6,13,2,1,4,1,1,1,2025,1,1,2,999,2,7,1,4,2,2,2,2,2,1,4,0,2,1,26bf65d1,991,7683.0,1_Perfect,10704.0,2_Drivers
119134.47,154655.72,39451.164,5,8,2,1,4,1,1,1,2025,1,1,5,999,2,10,1,4,2,2,2,2,2,1,4,0,3,1,9fb65421,992,7036.0,1_Perfect,1301.0,2_Drivers
58134.465,68655.72,7451.1655,4,13,2,2,4,1,1,1,2025,1,1,5,535,3,7,1,3,2,1,2,4,2,2,2,0,3,1,634cf21e,993,10768.0,1_Perfect,5033.0,2_Drivers
78134.47,82655.72,13451.166,4,4,2,1,2,1,2,1,2025,2,3,2,835,2,5,1,4,2,1,2,2,2,1,3,0,3,1,008b06a1,994,1665.0,1_Perfect,1293.0,2_Drivers
139134.47,174655.72,30451.166,5,13,3,1,4,1,1,2,2025,1,1,5,999,1,7,1,3,4,2,4,2,4,1,2,0,2,1,d3ad55ae,995,1775.0,2_Drivers,10541.0,3_Constraints
14134.466,29655.719,2451.1655,4,13,1,6,4,1,3,1,2025,1,1,2,999,1,7,1,3,2,1,2,2,2,1,3,0,3,1,76f3a695,998,4688.0,2_Drivers,12622.0,2_Drivers
31134.465,35655.72,2451.1655,4,13,2,7,4,1,3,1,2025,1,1,3,999,1,10,1,3,2,2,2,2,2,1,2,0,2,1,59c51a45,999,8202.0,2_Drivers,9338.0,2_Drivers
23134.465,32655.719,3451.1655,2,13,2,6,4,1,3,2,2025,1,1,5,999,1,8,1,4,2,2,2,2,2,1,4,0,2,1,8279b33e,999,8046.0,2_Drivers,8638.0,2_Drivers
9134.466,31655.719,2451.1655,2,11,1,6,4,1,3,2,2025,1,1,5,999,3,5,1,3,2,1,2,2,2,1,3,0,2,1,f81d90c6,1001,8507.0,2_Drivers,3200.0,1_Perfect
45134.465,56655.72,9451.166,5,13,2,6,4,1,3,1,2025,1,3,4,462,1,8,1,2,2,2,2,2,2,1,2,1,2,1,75f0737d,1003,10680.0,2_Drivers,8043.0,2_Drivers
72134.47,79655.72,9451.166,2,8,2,6,1,1,3,1,2025,1,1,5,535,3,8,1,3,2,2,2,5,2,1,2,1,2,2,1f242e85,1004,5345.0,2_Drivers,7985.0,2_Drivers
98134.47,104655.72,21451.166,5,11,3,6,4,1,3,1,2025,1,1,5,835,1,7,1,4,2,2,2,2,2,2,3,0,3,1,4d1e42ed,1005,2051.0,2_Drivers,12310.0,2_Drivers
27134.465,33655.72,4451.1655,6,3,2,7,4,1,3,1,2025,2,3,1,999,1,7,1,2,2,1,2,2,2,1,4,0,3,1,dac3331b,1005,10796.0,2_Drivers,7424.0,2_Drivers
32134.465,30655.719,2452.1655,2,13,2,7,4,1,3,1,2025,1,1,1,999,1,8,1,4,2,2,2,2,2,2,2,1,2,2,a81cf9d9,1006,8699.0,1_Perfect,2740.0,2_Drivers
27134.465,59655.72,5451.1655,5,11,1,2,4,1,3,2,2025,1,1,5,835,1,7,1,4,2,1,2,2,2,1,1,0,1,2,ebe0dd1c,1006,4330.0,2_Drivers,13169.0,2_Drivers
11134.466,22655.719,2451.1655,2,3,1,6,4,1,3,1,2025,2,1,1,999,1,5,1,4,2,1,2,2,2,2,2,0,2,2,ab9063bc,1007,3946.0,2_Drivers,8763.0,2_Drivers
41134.465,66655.72,8451.166,4,8,2,6,4,1,3,2,2025,1,3,2,462,1,8,1,2,2,2,1,2,1,2,1,0,1,2,f2339ca3,1007,3155.0,2_Drivers,7245.0,2_Drivers
21134.465,40655.72,4451.1655,4,13,1,6,1,1,3,1,2025,1,1,5,535,1,4,2,3,2,2,2,2,2,1,3,0,2,3,e25887cf,1008,11216.0,2_Drivers,10932.0,2_Drivers
48134.465,50655.72,3451.1655,2,8,2,7,4,1,3,1,2025,1,1,2,999,1,8,1,3,2,2,1,5,2,1,2,0,1,2,05e424b9,1010,11691.0,2_Drivers,5681.0,2_Drivers
40134.465,43655.72,4451.1655,6,13,2,6,4,1,3,1,2025,1,1,2,999,1,2,1,3,2,1,2,2,2,1,3,0,2,2,0aca1b8f,1013,10171.0,2_Drivers,11856.0,2_Drivers
35134.465,40655.72,4451.1655,4,13,2,6,4,1,3,1,2025,1,1,3,999,1,8,1,3,2,2,2,2,2,3,4,0,3,1,d959ad5b,1014,4399.0,2_Drivers,3967.0,2_Drivers
58134.465,62655.72,7451.1655,2,8,2,7,1,1,3,1,2025,1,1,2,933,1,10,2,5,2,2,2,4,2,1,4,0,3,1,f9945d7b,1014,2385.0,2_Drivers,5173.0,2_Drivers
60134.465,71655.72,11451.166,6,13,2,6,4,1,3,1,2025,1,3,2,999,1,5,1,4,2,2,2,2,2,1,4,0,3,3,4ce631b5,1015,2878.0,2_Drivers,12259.0,2_Drivers
24134.465,32655.719,2452.1655,4,13,1,6,2,1,3,1,2025,1,1,2,535,1,8,1,3,2,2,2,4,2,1,2,0,2,3,3050a885,1016,10609.0,3_Constraints,7663.0,2_Drivers
42134.465,49655.72,9451.166,2,8,2,6,4,1,3,1,2025,2,1,2,835,1,8,1,4,2,2,2,2,2,1,3,0,3,3,4bb68286,1026,2289.0,2_Drivers,6701.0,2_Drivers
21134.465,25655.719,2451.1655,4,5,2,6,1,1,3,1,2025,1,1,1,999,1,7,3,1,2,2,2,2,2,1,2,1,2,3,60c4f48d,1027,5854.0,2_Drivers,2740.0,2_Drivers
12134.466,20655.719,2451.1655,4,13,2,7,4,1,3,1,2025,2,1,1,825,1,7,1,4,2,1,2,4,2,3,4,0,3,1,98e158a9,1028,13075.0,2_Drivers,7424.0,2_Drivers
37134.465,42655.72,2452.1655,4,10,2,6,1,1,3,1,2025,1,1,2,535,1,6,3,3,2,1,2,4,2,2,3,0,2,2,b74ccff0,1029,7415.0,2_Drivers,2253.0,2_Drivers
67134.47,68655.72,8451.166,5,8,2,6,2,1,3,1,2025,1,1,2,999,1,3,1,5,2,2,2,2,2,1,2,1,2,3,f9430ea1,1030,11992.0,2_Drivers,3745.0,2_Drivers
39134.465,45655.72,8451.166,4,13,2,6,4,1,3,1,2025,1,1,2,999,1,7,1,3,2,2,2,3,2,2,4,0,3,1,d0a0ecde,1030,10402.0,2_Drivers,5173.0,2_Drivers
39134.465,45655.72,5451.1655,2,13,1,6,4,1,3,1,2025,1,1,1,535,1,6,1,3,2,2,2,4,2,1,2,0,2,2,89ea7f05,1031,3946.0,3_Constraints,8763.0,3_Constraints
20134.465,24655.719,2451.1655,4,13,2,6,4,1,3,1,2025,1,1,1,999,1,7,1,5,2,2,2,2,2,1,2,0,2,3,77b977df,1031,4336.0,2_Drivers,2740.0,2_Drivers
91134.47,106655.72,17451.166,2,10,3,6,4,1,3,1,2025,1,2,5,462,3,7,1,2,2,1,2,2,2,2,3,0,2,1,fdac0135,1033,5117.0,2_Drivers,5285.0,2_Drivers
17134.465,30655.719,2452.1655,5,13,99,7,1,2,3,2,2025,1,1,5,933,3,7,1,5,2,1,2,4,2,2,3,0,2,3,92b86b91,1033,9475.0,2_Drivers,3105.0,2_Drivers
37134.465,47655.72,4451.1655,6,8,99,7,4,2,3,1,2025,1,3,3,999,1,8,1,2,2,2,1,2,2,3,1,0,1,2,bf847477,1034,3728.0,2_Drivers,4007.0,2_Drivers
73134.47,73655.72,16451.166,5,13,2,6,4,1,3,1,2025,1,1,4,825,1,2,1,4,2,2,2,2,2,1,2,1,2,2,03a401d9,1034,7194.0,2_Drivers,3482.0,2_Drivers
41134.465,48655.72,6451.1655,6,4,2,6,4,1,3,1,2025,1,2,2,462,1,4,1,2,2,1,2,2,2,1,4,0,3,1,6e7c6f25,1035,4109.0,2_Drivers,1229.0,2_Drivers
39134.465,53655.72,7451.1655,4,1,2,6,4,1,3,1,2025,1,1,2,835,1,5,1,4,2,1,1,2,1,1,1,0,1,2,43390650,1037,6955.0,1_Perfect,8863.0,2_Drivers
62134.465,79655.72,13451.166,6,7,2,7,4,1,3,1,2025,1,1,5,999,3,7,1,3,5,2,1,2,5,1,4,0,3,1,36451a6d,1054,12032.0,2_Drivers,7682.0,2_Drivers
62134.465,79655.72,13451.166,6,7,2,7,4,1,3,1,2025,1,1,5,999,3,7,1,3,5,2,1,2,5,1,4,0,3,1,731ba2f2,1054,4393.0,2_Drivers,7682.0,2_Drivers
