idx	hid	members	design_w	md5_presence	md5_appl
0	avg	1.9333333333333333	642.0431	0bd2f767e87b1d722a6b8e1558157121	7d164c87965cbf0280117b74de6ef382
1	02695	2.0	3200.2667	206bb975b5fa0c252baf507b8c266b6f	6400b0d31bb9d42bfa6a175f20dbbbb9
2	09076	4.0	4140.6167	af0c9e9b693ce9fbe9ef58689a609210	fe0c75ea727a64cdf6e4a17553c7cc46
3	07023	2.0	3800.4667	f9f5763ef22fdcfb0266313ed0bc6d55	95345a0b9a7359a4619fdaa1f87727a7
4	02022	1.0	4229.7667	71def89cd1fc18583a1e427be396e907	9fdbc9bc5ae124ac1418a8eada296939
5	01543	1.0	1801.2833	a3cfba14da0b247fdc8b93f5f286ad88	ebf456891fb9b1e5a12caf9bfa756643
6	08372	3.0	4557.2	1e80e77de62b6f3775b7be4eee707c49	2c41201cf30b88687237a3a6da45bc48
7	07811	1.0	2344.6	bb4e47f0520ea3bc98b7b8f4c7b5d58c	886b1d52f31979070c5fba9253072060
8	03005	1.0	1927.85	aa72e99d46a174db92d2ac50c72b76a1	3bde0f0150f47c23ea703f93de726860
9	08575	3.0	4303.7333	8bdb742540483b7851f0764dccfade17	08d02009e4475d4cce39dd600ce308d6
10	02739	2.0	2747.6333	59e711c4ecf57fe0e0f03bf322a6c988	eb633323fa7d6668b05af782b29631ee
11	01128	2.0	3273.05	fda2998235b0fd75f44dc4bd12a685cc	b4d78588f880d42889deb48484d401c0
12	07330	2.0	4672.0667	14c285a84096f06c9e6108cb95aec0b2	b3f54c35590709f15c7a8b1fb2ddd5e5
13	08645	1.0	4195.2	f71393a6a887454c97adc58730c83a95	fec365f0e403273d9da56b159f57c964
14	03830	2.0	2662.4833	abbce839ec03e1d10c456d3eea6e249b	0bf9e2ba9212035c5dd8b7f521c37a63
15	03770	3.0	2478.1333	b10d3d6b143568f6d546c50690de2426	8426dbb3dd49e3f753cf15560a8c641f
16	02027	1.0	1710.0167	4693633e29e44d02c7f7bb824b8bd1d2	b5af17c72278b792203db618fc05b346
17	03878	3.0	3803.0167	b9221e9c5befe801f9ed7628105e3e4d	a2d00c10fa9da09094e7983f9bab94a6
18	02730	2.0	2684.1	209293e2df3477c1eb7fd238e3d89c28	d82706b638f8e920a655f1ebafb1c74f
19	05276	1.0	2079.8167	70774a9399c70b2c63ed340daec8aad1	5ba7e26e153ff4fbc7e1ddcaed14a771
20	01515	4.0	2300.6667	4f05d9e05ef87c9ab8856d3e2bfd27d2	247e74d0abb74bf645ac1e5409b430d8
21	06790	3.0	4539.05	d4685e805c1638bd320251a695778e62	9903e147c30c8d57cfa1465cae1a38cb
22	04674	3.0	3364.0	08be03a8e5f20991534629046b9e24c4	af4ea97f77a3a8f35d4930fe5131667e
23	01248	1.0	2727.85	1e76181d54b418944d60e55f3e99b4a0	694ab957bf2786cf7f52d60a983dbcb2
24	07826	2.0	4396.3833	89dd6ef0bd56854a8b9ce10021f48c7a	cdc36f8bd070cb8c1a8f21ae46544a7f
25	03764	1.0	3301.9667	bfa0bf07e224356846a18f9e1d89cd1b	9682967d2d4a848d27b4df30a4e2e2fd
26	06763	3.0	3809.2833	8115dd7acc9be96cb790c382c6eb00e8	66a439703e79112b9d7a12d68e254a0c
27	00427	2.0	4370.7667	c7cbf8c5d3777ab0316ea8bbc7d9eb4a	fd6ea2fce29be3a5c26ef721821da4ef
28	03230	3.0	3183.15	9d814064c5a76765cf6078a4fc473a00	5806b2561d4bd54b189f670098cdd81c
29	07951	2.0	3242.05	4916905c23463489cdab924c36b1df3b	302738bfd41432bb410966854a1a6f3e
30	02861	1.0	3127.0167	d7561d20a8940f07d63c530d5c362468	cbd31455ba9d4ad344475f672d1a359c
31	07182	2.0	2176.0167	5fc0f1bbbd44a58634bb49af9411e001	adc03396c58b51935563b3283be7586b
32	07281	2.0	3918.4167	30c55cc3ef7e869bfd7101ad778bf3eb	df2f628d09880bdc983edd7b3308ce9f
33	08371	1.0	2279.6833	0f726a65c74a2e3650f816e9664fafd3	7c78c336f8f7af07f685bf73b5e1c1cc
34	01317	3.0	2988.1667	82a89e41776cb149778f5271b4662c2e	53f1435cee762280475ddc951ef590b7
